%time,field.header.seq,field.header.stamp,field.header.frame_id,field.status0.level,field.status0.name,field.status0.message,field.status0.hardware_id,field.status0.values0.key,field.status0.values0.value,field.status0.values1.key,field.status0.values1.value,field.status0.values2.key,field.status0.values2.value,field.status0.values3.key,field.status0.values3.value,field.status0.values4.key,field.status0.values4.value,field.status0.values5.key,field.status0.values5.value,field.status0.values6.key,field.status0.values6.value,field.status1.level,field.status1.name,field.status1.message,field.status1.hardware_id,field.status2.level,field.status2.name,field.status2.message,field.status2.hardware_id,field.status2.values0.key,field.status2.values0.value,field.status2.values1.key,field.status2.values1.value,field.status2.values2.key,field.status2.values2.value,field.status3.level,field.status3.name,field.status3.message,field.status3.hardware_id,field.status3.values0.key,field.status3.values0.value,field.status3.values1.key,field.status3.values1.value,field.status3.values2.key,field.status3.values2.value,field.status4.level,field.status4.name,field.status4.message,field.status4.hardware_id,field.status4.values0.key,field.status4.values0.value,field.status4.values1.key,field.status4.values1.value,field.status5.level,field.status5.name,field.status5.message,field.status5.hardware_id,field.status5.values0.key,field.status5.values0.value,field.status5.values1.key,field.status5.values1.value,field.status6.level,field.status6.name,field.status6.message,field.status6.hardware_id,field.status6.values0.key,field.status6.values0.value,field.status7.level,field.status7.name,field.status7.message,field.status7.hardware_id,field.status8.level,field.status8.name,field.status8.message,field.status8.hardware_id,field.status9.level,field.status9.name,field.status9.message,field.status9.hardware_id
1494527466455785305,12,1494527465912590503,,0,mobile_base_nodelet_manager: Battery,Healthy,Kobuki,Voltage (V),15.1,Percent,59.697,Charge (Ah),1.31333,Capacity (Ah),2.2,Source,None,Charging State,Not Charging,Current (A),0,0,mobile_base_nodelet_manager: Watchdog,Alive,Kobuki,0,mobile_base_nodelet_manager: Wall Sensor,All right,Kobuki,Left,NO,Center,NO,Right,NO,0,mobile_base_nodelet_manager: Cliff Sensor,All right,Kobuki,Left,Reading: 1577  Cliff: NO,Center,Reading: 1906  Cliff: NO,Right,Reading: 1621  Cliff: NO,0,mobile_base_nodelet_manager: Wheel Drop,All right,Kobuki,Left,NO,Right,NO,0,mobile_base_nodelet_manager: Motor Current,All right,Kobuki,Left,0,Right,0,0,mobile_base_nodelet_manager: Motor State,Motors Enabled,Kobuki,State,1,0,mobile_base_nodelet_manager: Gyro Sensor,Heading: -50.80 degrees,Kobuki,0,mobile_base_nodelet_manager: Digital Input,[0, 0, 0, 0],Kobuki,0,mobile_base_nodelet_manager: Analog Input,[4068, 4078, 4075, 4086],Kobuki
1494527466525530757,13,1494527467012355650,,0,mobile_base_nodelet_manager: Battery,Healthy,Kobuki,Voltage (V),15.1,Percent,59.697,Charge (Ah),1.31333,Capacity (Ah),2.2,Source,None,Charging State,Not Charging,Current (A),0,0,mobile_base_nodelet_manager: Watchdog,Alive,Kobuki,0,mobile_base_nodelet_manager: Wall Sensor,All right,Kobuki,Left,NO,Center,NO,Right,NO,0,mobile_base_nodelet_manager: Cliff Sensor,All right,Kobuki,Left,Reading: 1611  Cliff: NO,Center,Reading: 1901  Cliff: NO,Right,Reading: 1626  Cliff: NO,0,mobile_base_nodelet_manager: Wheel Drop,All right,Kobuki,Left,NO,Right,NO,0,mobile_base_nodelet_manager: Motor Current,All right,Kobuki,Left,0,Right,0,0,mobile_base_nodelet_manager: Motor State,Motors Enabled,Kobuki,State,1,0,mobile_base_nodelet_manager: Gyro Sensor,Heading: -50.80 degrees,Kobuki,0,mobile_base_nodelet_manager: Digital Input,[0, 0, 0, 0],Kobuki,0,mobile_base_nodelet_manager: Analog Input,[4077, 4075, 4067, 4074],Kobuki
1494527467625250387,14,1494527468112355150,,0,mobile_base_nodelet_manager: Battery,Healthy,Kobuki,Voltage (V),15.2,Percent,62.5758,Charge (Ah),1.37667,Capacity (Ah),2.2,Source,None,Charging State,Not Charging,Current (A),0,0,mobile_base_nodelet_manager: Watchdog,Alive,Kobuki,0,mobile_base_nodelet_manager: Wall Sensor,All right,Kobuki,Left,NO,Center,NO,Right,NO,0,mobile_base_nodelet_manager: Cliff Sensor,All right,Kobuki,Left,Reading: 1572  Cliff: NO,Center,Reading: 1903  Cliff: NO,Right,Reading: 1620  Cliff: NO,0,mobile_base_nodelet_manager: Wheel Drop,All right,Kobuki,Left,NO,Right,NO,0,mobile_base_nodelet_manager: Motor Current,All right,Kobuki,Left,0,Right,0,0,mobile_base_nodelet_manager: Motor State,Motors Enabled,Kobuki,State,1,0,mobile_base_nodelet_manager: Gyro Sensor,Heading: -50.80 degrees,Kobuki,0,mobile_base_nodelet_manager: Digital Input,[0, 0, 0, 0],Kobuki,0,mobile_base_nodelet_manager: Analog Input,[4068, 4076, 4081, 4066],Kobuki
1494527468725504265,15,1494527469212447085,,0,mobile_base_nodelet_manager: Battery,Healthy,Kobuki,Voltage (V),15.2,Percent,62.5758,Charge (Ah),1.37667,Capacity (Ah),2.2,Source,None,Charging State,Not Charging,Current (A),0,0,mobile_base_nodelet_manager: Watchdog,Alive,Kobuki,0,mobile_base_nodelet_manager: Wall Sensor,All right,Kobuki,Left,NO,Center,NO,Right,NO,0,mobile_base_nodelet_manager: Cliff Sensor,All right,Kobuki,Left,Reading: 1576  Cliff: NO,Center,Reading: 1905  Cliff: NO,Right,Reading: 1623  Cliff: NO,0,mobile_base_nodelet_manager: Wheel Drop,All right,Kobuki,Left,NO,Right,NO,0,mobile_base_nodelet_manager: Motor Current,All right,Kobuki,Left,0,Right,0,0,mobile_base_nodelet_manager: Motor State,Motors Enabled,Kobuki,State,1,0,mobile_base_nodelet_manager: Gyro Sensor,Heading: -50.80 degrees,Kobuki,0,mobile_base_nodelet_manager: Digital Input,[0, 0, 0, 0],Kobuki,0,mobile_base_nodelet_manager: Analog Input,[4064, 4074, 4077, 4083],Kobuki
1494527469825285544,16,1494527470312394873,,0,mobile_base_nodelet_manager: Battery,Healthy,Kobuki,Voltage (V),15.2,Percent,62.5758,Charge (Ah),1.37667,Capacity (Ah),2.2,Source,None,Charging State,Not Charging,Current (A),0,0,mobile_base_nodelet_manager: Watchdog,Alive,Kobuki,0,mobile_base_nodelet_manager: Wall Sensor,All right,Kobuki,Left,NO,Center,NO,Right,NO,0,mobile_base_nodelet_manager: Cliff Sensor,All right,Kobuki,Left,Reading: 1553  Cliff: NO,Center,Reading: 1902  Cliff: NO,Right,Reading: 1622  Cliff: NO,0,mobile_base_nodelet_manager: Wheel Drop,All right,Kobuki,Left,NO,Right,NO,0,mobile_base_nodelet_manager: Motor Current,All right,Kobuki,Left,0,Right,0,0,mobile_base_nodelet_manager: Motor State,Motors Enabled,Kobuki,State,1,0,mobile_base_nodelet_manager: Gyro Sensor,Heading: -50.80 degrees,Kobuki,0,mobile_base_nodelet_manager: Digital Input,[0, 0, 0, 0],Kobuki,0,mobile_base_nodelet_manager: Analog Input,[4063, 4069, 4073, 4075],Kobuki
1494527470925455886,17,1494527471412397139,,0,mobile_base_nodelet_manager: Battery,Healthy,Kobuki,Voltage (V),15.2,Percent,62.5758,Charge (Ah),1.37667,Capacity (Ah),2.2,Source,None,Charging State,Not Charging,Current (A),0,0,mobile_base_nodelet_manager: Watchdog,Alive,Kobuki,0,mobile_base_nodelet_manager: Wall Sensor,All right,Kobuki,Left,NO,Center,NO,Right,NO,0,mobile_base_nodelet_manager: Cliff Sensor,All right,Kobuki,Left,Reading: 1622  Cliff: NO,Center,Reading: 1906  Cliff: NO,Right,Reading: 1620  Cliff: NO,0,mobile_base_nodelet_manager: Wheel Drop,All right,Kobuki,Left,NO,Right,NO,0,mobile_base_nodelet_manager: Motor Current,All right,Kobuki,Left,0,Right,0,0,mobile_base_nodelet_manager: Motor State,Motors Enabled,Kobuki,State,1,0,mobile_base_nodelet_manager: Gyro Sensor,Heading: -50.80 degrees,Kobuki,0,mobile_base_nodelet_manager: Digital Input,[0, 0, 0, 0],Kobuki,0,mobile_base_nodelet_manager: Analog Input,[4070, 4069, 4063, 4074],Kobuki
1494527472025787477,18,1494527472512438007,,0,mobile_base_nodelet_manager: Battery,Healthy,Kobuki,Voltage (V),15.2,Percent,62.5758,Charge (Ah),1.37667,Capacity (Ah),2.2,Source,None,Charging State,Not Charging,Current (A),0,0,mobile_base_nodelet_manager: Watchdog,Alive,Kobuki,0,mobile_base_nodelet_manager: Wall Sensor,All right,Kobuki,Left,NO,Center,NO,Right,NO,0,mobile_base_nodelet_manager: Cliff Sensor,All right,Kobuki,Left,Reading: 1553  Cliff: NO,Center,Reading: 1888  Cliff: NO,Right,Reading: 1624  Cliff: NO,0,mobile_base_nodelet_manager: Wheel Drop,All right,Kobuki,Left,NO,Right,NO,0,mobile_base_nodelet_manager: Motor Current,All right,Kobuki,Left,0,Right,0,0,mobile_base_nodelet_manager: Motor State,Motors Enabled,Kobuki,State,1,0,mobile_base_nodelet_manager: Gyro Sensor,Heading: -50.80 degrees,Kobuki,0,mobile_base_nodelet_manager: Digital Input,[0, 0, 0, 0],Kobuki,0,mobile_base_nodelet_manager: Analog Input,[4063, 4071, 4074, 4077],Kobuki
1494527473126657331,19,1494527473612380437,,0,mobile_base_nodelet_manager: Battery,Healthy,Kobuki,Voltage (V),15.2,Percent,62.5758,Charge (Ah),1.37667,Capacity (Ah),2.2,Source,None,Charging State,Not Charging,Current (A),0,0,mobile_base_nodelet_manager: Watchdog,Alive,Kobuki,0,mobile_base_nodelet_manager: Wall Sensor,All right,Kobuki,Left,NO,Center,NO,Right,NO,0,mobile_base_nodelet_manager: Cliff Sensor,All right,Kobuki,Left,Reading: 1565  Cliff: NO,Center,Reading: 1904  Cliff: NO,Right,Reading: 1626  Cliff: NO,0,mobile_base_nodelet_manager: Wheel Drop,All right,Kobuki,Left,NO,Right,NO,0,mobile_base_nodelet_manager: Motor Current,All right,Kobuki,Left,0,Right,0,0,mobile_base_nodelet_manager: Motor State,Motors Enabled,Kobuki,State,1,0,mobile_base_nodelet_manager: Gyro Sensor,Heading: -50.80 degrees,Kobuki,0,mobile_base_nodelet_manager: Digital Input,[0, 0, 0, 0],Kobuki,0,mobile_base_nodelet_manager: Analog Input,[4066, 4074, 4068, 4078],Kobuki
1494527474227125561,20,1494527474712635715,,0,mobile_base_nodelet_manager: Battery,Healthy,Kobuki,Voltage (V),15.2,Percent,62.5758,Charge (Ah),1.37667,Capacity (Ah),2.2,Source,None,Charging State,Not Charging,Current (A),0,0,mobile_base_nodelet_manager: Watchdog,Alive,Kobuki,0,mobile_base_nodelet_manager: Wall Sensor,All right,Kobuki,Left,NO,Center,NO,Right,NO,0,mobile_base_nodelet_manager: Cliff Sensor,All right,Kobuki,Left,Reading: 1538  Cliff: NO,Center,Reading: 1858  Cliff: NO,Right,Reading: 1601  Cliff: NO,0,mobile_base_nodelet_manager: Wheel Drop,All right,Kobuki,Left,NO,Right,NO,0,mobile_base_nodelet_manager: Motor Current,All right,Kobuki,Left,1,Right,1,0,mobile_base_nodelet_manager: Motor State,Motors Enabled,Kobuki,State,1,0,mobile_base_nodelet_manager: Gyro Sensor,Heading: -50.76 degrees,Kobuki,0,mobile_base_nodelet_manager: Digital Input,[0, 0, 0, 0],Kobuki,0,mobile_base_nodelet_manager: Analog Input,[4063, 4066, 4070, 4079],Kobuki
1494527475328307098,21,1494527475812792014,,0,mobile_base_nodelet_manager: Battery,Healthy,Kobuki,Voltage (V),15.1,Percent,59.697,Charge (Ah),1.31333,Capacity (Ah),2.2,Source,None,Charging State,Not Charging,Current (A),0,0,mobile_base_nodelet_manager: Watchdog,Alive,Kobuki,0,mobile_base_nodelet_manager: Wall Sensor,All right,Kobuki,Left,NO,Center,NO,Right,NO,0,mobile_base_nodelet_manager: Cliff Sensor,All right,Kobuki,Left,Reading: 1555  Cliff: NO,Center,Reading: 1905  Cliff: NO,Right,Reading: 1646  Cliff: NO,0,mobile_base_nodelet_manager: Wheel Drop,All right,Kobuki,Left,NO,Right,NO,0,mobile_base_nodelet_manager: Motor Current,All right,Kobuki,Left,5,Right,5,0,mobile_base_nodelet_manager: Motor State,Motors Enabled,Kobuki,State,1,0,mobile_base_nodelet_manager: Gyro Sensor,Heading: -50.86 degrees,Kobuki,0,mobile_base_nodelet_manager: Digital Input,[0, 0, 0, 0],Kobuki,0,mobile_base_nodelet_manager: Analog Input,[4067, 4072, 4072, 4086],Kobuki
1494527476425286324,22,1494527476912311296,,0,mobile_base_nodelet_manager: Battery,Healthy,Kobuki,Voltage (V),15.1,Percent,59.697,Charge (Ah),1.31333,Capacity (Ah),2.2,Source,None,Charging State,Not Charging,Current (A),0,0,mobile_base_nodelet_manager: Watchdog,Alive,Kobuki,0,mobile_base_nodelet_manager: Wall Sensor,All right,Kobuki,Left,NO,Center,NO,Right,NO,0,mobile_base_nodelet_manager: Cliff Sensor,All right,Kobuki,Left,Reading: 1577  Cliff: NO,Center,Reading: 1904  Cliff: NO,Right,Reading: 1623  Cliff: NO,0,mobile_base_nodelet_manager: Wheel Drop,All right,Kobuki,Left,NO,Right,NO,0,mobile_base_nodelet_manager: Motor Current,All right,Kobuki,Left,5,Right,2,0,mobile_base_nodelet_manager: Motor State,Motors Enabled,Kobuki,State,1,0,mobile_base_nodelet_manager: Gyro Sensor,Heading: -62.16 degrees,Kobuki,0,mobile_base_nodelet_manager: Digital Input,[0, 0, 0, 0],Kobuki,0,mobile_base_nodelet_manager: Analog Input,[4067, 4077, 4074, 4087],Kobuki
1494527477526901826,23,1494527478013169208,,0,mobile_base_nodelet_manager: Battery,Healthy,Kobuki,Voltage (V),15.1,Percent,59.697,Charge (Ah),1.31333,Capacity (Ah),2.2,Source,None,Charging State,Not Charging,Current (A),0,0,mobile_base_nodelet_manager: Watchdog,Alive,Kobuki,0,mobile_base_nodelet_manager: Wall Sensor,All right,Kobuki,Left,NO,Center,NO,Right,NO,0,mobile_base_nodelet_manager: Cliff Sensor,All right,Kobuki,Left,Reading: 1553  Cliff: NO,Center,Reading: 1904  Cliff: NO,Right,Reading: 1623  Cliff: NO,0,mobile_base_nodelet_manager: Wheel Drop,All right,Kobuki,Left,NO,Right,NO,0,mobile_base_nodelet_manager: Motor Current,All right,Kobuki,Left,6,Right,1,0,mobile_base_nodelet_manager: Motor State,Motors Enabled,Kobuki,State,1,0,mobile_base_nodelet_manager: Gyro Sensor,Heading: -87.32 degrees,Kobuki,0,mobile_base_nodelet_manager: Digital Input,[0, 0, 0, 0],Kobuki,0,mobile_base_nodelet_manager: Analog Input,[4071, 4072, 4063, 4073],Kobuki
1494527478626513962,24,1494527479112367741,,0,mobile_base_nodelet_manager: Battery,Healthy,Kobuki,Voltage (V),15.1,Percent,59.697,Charge (Ah),1.31333,Capacity (Ah),2.2,Source,None,Charging State,Not Charging,Current (A),0,0,mobile_base_nodelet_manager: Watchdog,Alive,Kobuki,0,mobile_base_nodelet_manager: Wall Sensor,All right,Kobuki,Left,NO,Center,NO,Right,NO,0,mobile_base_nodelet_manager: Cliff Sensor,All right,Kobuki,Left,Reading: 1578  Cliff: NO,Center,Reading: 1909  Cliff: NO,Right,Reading: 1623  Cliff: NO,0,mobile_base_nodelet_manager: Wheel Drop,All right,Kobuki,Left,NO,Right,NO,1,mobile_base_nodelet_manager: Motor Current,Is robot stalled? Motors current is very high,Kobuki,Left,9,Right,1,0,mobile_base_nodelet_manager: Motor State,Motors Enabled,Kobuki,State,1,0,mobile_base_nodelet_manager: Gyro Sensor,Heading: -126.43 degrees,Kobuki,0,mobile_base_nodelet_manager: Digital Input,[0, 0, 0, 0],Kobuki,0,mobile_base_nodelet_manager: Analog Input,[4063, 4074, 4070, 4082],Kobuki
1494527479726042466,25,1494527480212492867,,0,mobile_base_nodelet_manager: Battery,Healthy,Kobuki,Voltage (V),15.1,Percent,59.697,Charge (Ah),1.31333,Capacity (Ah),2.2,Source,None,Charging State,Not Charging,Current (A),0,0,mobile_base_nodelet_manager: Watchdog,Alive,Kobuki,0,mobile_base_nodelet_manager: Wall Sensor,All right,Kobuki,Left,NO,Center,NO,Right,NO,0,mobile_base_nodelet_manager: Cliff Sensor,All right,Kobuki,Left,Reading: 1555  Cliff: NO,Center,Reading: 1907  Cliff: NO,Right,Reading: 1624  Cliff: NO,0,mobile_base_nodelet_manager: Wheel Drop,All right,Kobuki,Left,NO,Right,NO,0,mobile_base_nodelet_manager: Motor Current,All right,Kobuki,Left,4,Right,3,0,mobile_base_nodelet_manager: Motor State,Motors Enabled,Kobuki,State,1,0,mobile_base_nodelet_manager: Gyro Sensor,Heading: -129.86 degrees,Kobuki,0,mobile_base_nodelet_manager: Digital Input,[0, 0, 0, 0],Kobuki,0,mobile_base_nodelet_manager: Analog Input,[4066, 4073, 4071, 4076],Kobuki
1494527480825523970,26,1494527481312371221,,0,mobile_base_nodelet_manager: Battery,Healthy,Kobuki,Voltage (V),15.1,Percent,59.697,Charge (Ah),1.31333,Capacity (Ah),2.2,Source,None,Charging State,Not Charging,Current (A),0,0,mobile_base_nodelet_manager: Watchdog,Alive,Kobuki,0,mobile_base_nodelet_manager: Wall Sensor,All right,Kobuki,Left,NO,Center,NO,Right,NO,0,mobile_base_nodelet_manager: Cliff Sensor,All right,Kobuki,Left,Reading: 1572  Cliff: NO,Center,Reading: 1904  Cliff: NO,Right,Reading: 1627  Cliff: NO,0,mobile_base_nodelet_manager: Wheel Drop,All right,Kobuki,Left,NO,Right,NO,0,mobile_base_nodelet_manager: Motor Current,All right,Kobuki,Left,5,Right,4,0,mobile_base_nodelet_manager: Motor State,Motors Enabled,Kobuki,State,1,0,mobile_base_nodelet_manager: Gyro Sensor,Heading: -132.07 degrees,Kobuki,0,mobile_base_nodelet_manager: Digital Input,[0, 0, 0, 0],Kobuki,0,mobile_base_nodelet_manager: Analog Input,[4062, 4065, 4061, 4074],Kobuki
1494527481925344519,27,1494527482412372593,,0,mobile_base_nodelet_manager: Battery,Healthy,Kobuki,Voltage (V),15.1,Percent,59.697,Charge (Ah),1.31333,Capacity (Ah),2.2,Source,None,Charging State,Not Charging,Current (A),0,0,mobile_base_nodelet_manager: Watchdog,Alive,Kobuki,0,mobile_base_nodelet_manager: Wall Sensor,All right,Kobuki,Left,NO,Center,NO,Right,NO,0,mobile_base_nodelet_manager: Cliff Sensor,All right,Kobuki,Left,Reading: 1576  Cliff: NO,Center,Reading: 1881  Cliff: NO,Right,Reading: 1622  Cliff: NO,0,mobile_base_nodelet_manager: Wheel Drop,All right,Kobuki,Left,NO,Right,NO,0,mobile_base_nodelet_manager: Motor Current,All right,Kobuki,Left,5,Right,3,0,mobile_base_nodelet_manager: Motor State,Motors Enabled,Kobuki,State,1,0,mobile_base_nodelet_manager: Gyro Sensor,Heading: -133.29 degrees,Kobuki,0,mobile_base_nodelet_manager: Digital Input,[0, 0, 0, 0],Kobuki,0,mobile_base_nodelet_manager: Analog Input,[4072, 4073, 4060, 4048],Kobuki
1494527483048528152,28,1494527483512906019,,0,mobile_base_nodelet_manager: Battery,Healthy,Kobuki,Voltage (V),15.1,Percent,59.697,Charge (Ah),1.31333,Capacity (Ah),2.2,Source,None,Charging State,Not Charging,Current (A),0,0,mobile_base_nodelet_manager: Watchdog,Alive,Kobuki,0,mobile_base_nodelet_manager: Wall Sensor,All right,Kobuki,Left,NO,Center,NO,Right,NO,0,mobile_base_nodelet_manager: Cliff Sensor,All right,Kobuki,Left,Reading: 1552  Cliff: NO,Center,Reading: 1904  Cliff: NO,Right,Reading: 1645  Cliff: NO,0,mobile_base_nodelet_manager: Wheel Drop,All right,Kobuki,Left,NO,Right,NO,0,mobile_base_nodelet_manager: Motor Current,All right,Kobuki,Left,5,Right,1,0,mobile_base_nodelet_manager: Motor State,Motors Enabled,Kobuki,State,1,0,mobile_base_nodelet_manager: Gyro Sensor,Heading: -170.92 degrees,Kobuki,0,mobile_base_nodelet_manager: Digital Input,[0, 0, 0, 0],Kobuki,0,mobile_base_nodelet_manager: Analog Input,[4074, 4072, 4057, 4065],Kobuki
1494527484126508018,29,1494527484612967677,,0,mobile_base_nodelet_manager: Battery,Healthy,Kobuki,Voltage (V),15.1,Percent,59.697,Charge (Ah),1.31333,Capacity (Ah),2.2,Source,None,Charging State,Not Charging,Current (A),0,0,mobile_base_nodelet_manager: Watchdog,Alive,Kobuki,0,mobile_base_nodelet_manager: Wall Sensor,All right,Kobuki,Left,NO,Center,NO,Right,NO,0,mobile_base_nodelet_manager: Cliff Sensor,All right,Kobuki,Left,Reading: 1574  Cliff: NO,Center,Reading: 1927  Cliff: NO,Right,Reading: 1624  Cliff: NO,0,mobile_base_nodelet_manager: Wheel Drop,All right,Kobuki,Left,NO,Right,NO,0,mobile_base_nodelet_manager: Motor Current,All right,Kobuki,Left,2,Right,2,0,mobile_base_nodelet_manager: Motor State,Motors Enabled,Kobuki,State,1,0,mobile_base_nodelet_manager: Gyro Sensor,Heading: 129.52 degrees,Kobuki,0,mobile_base_nodelet_manager: Digital Input,[0, 0, 0, 0],Kobuki,0,mobile_base_nodelet_manager: Analog Input,[4063, 4075, 4068, 4072],Kobuki
1494527485225257245,30,1494527485712380610,,0,mobile_base_nodelet_manager: Battery,Healthy,Kobuki,Voltage (V),15.1,Percent,59.697,Charge (Ah),1.31333,Capacity (Ah),2.2,Source,None,Charging State,Not Charging,Current (A),0,0,mobile_base_nodelet_manager: Watchdog,Alive,Kobuki,0,mobile_base_nodelet_manager: Wall Sensor,All right,Kobuki,Left,NO,Center,NO,Right,NO,0,mobile_base_nodelet_manager: Cliff Sensor,All right,Kobuki,Left,Reading: 1560  Cliff: NO,Center,Reading: 1862  Cliff: NO,Right,Reading: 1600  Cliff: NO,0,mobile_base_nodelet_manager: Wheel Drop,All right,Kobuki,Left,NO,Right,NO,0,mobile_base_nodelet_manager: Motor Current,All right,Kobuki,Left,5,Right,4,0,mobile_base_nodelet_manager: Motor State,Motors Enabled,Kobuki,State,1,0,mobile_base_nodelet_manager: Gyro Sensor,Heading: 122.15 degrees,Kobuki,0,mobile_base_nodelet_manager: Digital Input,[0, 0, 0, 0],Kobuki,0,mobile_base_nodelet_manager: Analog Input,[4072, 4077, 4058, 4064],Kobuki
1494527486325188099,31,1494527486812366721,,0,mobile_base_nodelet_manager: Battery,Healthy,Kobuki,Voltage (V),15.1,Percent,59.697,Charge (Ah),1.31333,Capacity (Ah),2.2,Source,None,Charging State,Not Charging,Current (A),0,0,mobile_base_nodelet_manager: Watchdog,Alive,Kobuki,0,mobile_base_nodelet_manager: Wall Sensor,All right,Kobuki,Left,NO,Center,NO,Right,NO,0,mobile_base_nodelet_manager: Cliff Sensor,All right,Kobuki,Left,Reading: 1576  Cliff: NO,Center,Reading: 1909  Cliff: NO,Right,Reading: 1621  Cliff: NO,0,mobile_base_nodelet_manager: Wheel Drop,All right,Kobuki,Left,NO,Right,NO,1,mobile_base_nodelet_manager: Motor Current,Is robot stalled? Motors current is very high,Kobuki,Left,2,Right,8,0,mobile_base_nodelet_manager: Motor State,Motors Enabled,Kobuki,State,1,0,mobile_base_nodelet_manager: Gyro Sensor,Heading: 121.03 degrees,Kobuki,0,mobile_base_nodelet_manager: Digital Input,[0, 0, 0, 0],Kobuki,0,mobile_base_nodelet_manager: Analog Input,[4065, 4074, 4061, 4081],Kobuki
1494527487427058070,32,1494527487912874886,,0,mobile_base_nodelet_manager: Battery,Healthy,Kobuki,Voltage (V),15.1,Percent,59.697,Charge (Ah),1.31333,Capacity (Ah),2.2,Source,None,Charging State,Not Charging,Current (A),0,0,mobile_base_nodelet_manager: Watchdog,Alive,Kobuki,0,mobile_base_nodelet_manager: Wall Sensor,All right,Kobuki,Left,NO,Center,NO,Right,NO,0,mobile_base_nodelet_manager: Cliff Sensor,All right,Kobuki,Left,Reading: 1576  Cliff: NO,Center,Reading: 1955  Cliff: NO,Right,Reading: 1650  Cliff: NO,0,mobile_base_nodelet_manager: Wheel Drop,All right,Kobuki,Left,NO,Right,NO,1,mobile_base_nodelet_manager: Motor Current,Is robot stalled? Motors current is very high,Kobuki,Left,7,Right,3,0,mobile_base_nodelet_manager: Motor State,Motors Enabled,Kobuki,State,1,0,mobile_base_nodelet_manager: Gyro Sensor,Heading: 126.23 degrees,Kobuki,0,mobile_base_nodelet_manager: Digital Input,[0, 0, 0, 0],Kobuki,0,mobile_base_nodelet_manager: Analog Input,[4069, 4070, 4045, 4056],Kobuki
1494527488525992875,33,1494527489012410206,,0,mobile_base_nodelet_manager: Battery,Healthy,Kobuki,Voltage (V),15.1,Percent,59.697,Charge (Ah),1.31333,Capacity (Ah),2.2,Source,None,Charging State,Not Charging,Current (A),0,0,mobile_base_nodelet_manager: Watchdog,Alive,Kobuki,0,mobile_base_nodelet_manager: Wall Sensor,All right,Kobuki,Left,NO,Center,NO,Right,NO,0,mobile_base_nodelet_manager: Cliff Sensor,All right,Kobuki,Left,Reading: 1552  Cliff: NO,Center,Reading: 1667  Cliff: NO,Right,Reading: 1627  Cliff: NO,0,mobile_base_nodelet_manager: Wheel Drop,All right,Kobuki,Left,NO,Right,NO,1,mobile_base_nodelet_manager: Motor Current,Is robot stalled? Motors current is very high,Kobuki,Left,8,Right,2,0,mobile_base_nodelet_manager: Motor State,Motors Enabled,Kobuki,State,1,0,mobile_base_nodelet_manager: Gyro Sensor,Heading: 61.25 degrees,Kobuki,0,mobile_base_nodelet_manager: Digital Input,[0, 0, 0, 0],Kobuki,0,mobile_base_nodelet_manager: Analog Input,[4066, 4062, 4048, 4055],Kobuki
1494527489627148085,34,1494527490112379664,,0,mobile_base_nodelet_manager: Battery,Healthy,Kobuki,Voltage (V),15.1,Percent,59.697,Charge (Ah),1.31333,Capacity (Ah),2.2,Source,None,Charging State,Not Charging,Current (A),0,0,mobile_base_nodelet_manager: Watchdog,Alive,Kobuki,0,mobile_base_nodelet_manager: Wall Sensor,All right,Kobuki,Left,NO,Center,NO,Right,NO,0,mobile_base_nodelet_manager: Cliff Sensor,All right,Kobuki,Left,Reading: 1575  Cliff: NO,Center,Reading: 1924  Cliff: NO,Right,Reading: 1660  Cliff: NO,0,mobile_base_nodelet_manager: Wheel Drop,All right,Kobuki,Left,NO,Right,NO,0,mobile_base_nodelet_manager: Motor Current,All right,Kobuki,Left,6,Right,3,0,mobile_base_nodelet_manager: Motor State,Motors Enabled,Kobuki,State,1,0,mobile_base_nodelet_manager: Gyro Sensor,Heading: 23.11 degrees,Kobuki,0,mobile_base_nodelet_manager: Digital Input,[0, 0, 0, 0],Kobuki,0,mobile_base_nodelet_manager: Analog Input,[4063, 4075, 4069, 4068],Kobuki
1494527490725545291,35,1494527491212424015,,0,mobile_base_nodelet_manager: Battery,Healthy,Kobuki,Voltage (V),15.1,Percent,59.697,Charge (Ah),1.31333,Capacity (Ah),2.2,Source,None,Charging State,Not Charging,Current (A),0,0,mobile_base_nodelet_manager: Watchdog,Alive,Kobuki,0,mobile_base_nodelet_manager: Wall Sensor,All right,Kobuki,Left,NO,Center,NO,Right,NO,0,mobile_base_nodelet_manager: Cliff Sensor,All right,Kobuki,Left,Reading: 1576  Cliff: NO,Center,Reading: 1927  Cliff: NO,Right,Reading: 1645  Cliff: NO,0,mobile_base_nodelet_manager: Wheel Drop,All right,Kobuki,Left,NO,Right,NO,1,mobile_base_nodelet_manager: Motor Current,Is robot stalled? Motors current is very high,Kobuki,Left,7,Right,3,0,mobile_base_nodelet_manager: Motor State,Motors Enabled,Kobuki,State,1,0,mobile_base_nodelet_manager: Gyro Sensor,Heading: 5.48 degrees,Kobuki,0,mobile_base_nodelet_manager: Digital Input,[0, 0, 0, 0],Kobuki,0,mobile_base_nodelet_manager: Analog Input,[4063, 4076, 4069, 4076],Kobuki
1494527491825524046,36,1494527492312459633,,0,mobile_base_nodelet_manager: Battery,Healthy,Kobuki,Voltage (V),15.1,Percent,59.697,Charge (Ah),1.31333,Capacity (Ah),2.2,Source,None,Charging State,Not Charging,Current (A),0,0,mobile_base_nodelet_manager: Watchdog,Alive,Kobuki,0,mobile_base_nodelet_manager: Wall Sensor,All right,Kobuki,Left,NO,Center,NO,Right,NO,0,mobile_base_nodelet_manager: Cliff Sensor,All right,Kobuki,Left,Reading: 1573  Cliff: NO,Center,Reading: 1901  Cliff: NO,Right,Reading: 1622  Cliff: NO,0,mobile_base_nodelet_manager: Wheel Drop,All right,Kobuki,Left,NO,Right,NO,0,mobile_base_nodelet_manager: Motor Current,All right,Kobuki,Left,6,Right,2,0,mobile_base_nodelet_manager: Motor State,Motors Enabled,Kobuki,State,1,0,mobile_base_nodelet_manager: Gyro Sensor,Heading: -31.65 degrees,Kobuki,0,mobile_base_nodelet_manager: Digital Input,[0, 0, 0, 0],Kobuki,0,mobile_base_nodelet_manager: Analog Input,[4066, 4076, 4068, 4079],Kobuki
1494527492926321337,37,1494527493412401979,,0,mobile_base_nodelet_manager: Battery,Healthy,Kobuki,Voltage (V),15.1,Percent,59.697,Charge (Ah),1.31333,Capacity (Ah),2.2,Source,None,Charging State,Not Charging,Current (A),0,0,mobile_base_nodelet_manager: Watchdog,Alive,Kobuki,0,mobile_base_nodelet_manager: Wall Sensor,All right,Kobuki,Left,NO,Center,NO,Right,NO,0,mobile_base_nodelet_manager: Cliff Sensor,All right,Kobuki,Left,Reading: 1555  Cliff: NO,Center,Reading: 1904  Cliff: NO,Right,Reading: 1628  Cliff: NO,0,mobile_base_nodelet_manager: Wheel Drop,All right,Kobuki,Left,NO,Right,NO,0,mobile_base_nodelet_manager: Motor Current,All right,Kobuki,Left,5,Right,4,0,mobile_base_nodelet_manager: Motor State,Motors Enabled,Kobuki,State,1,0,mobile_base_nodelet_manager: Gyro Sensor,Heading: -43.69 degrees,Kobuki,0,mobile_base_nodelet_manager: Digital Input,[0, 0, 0, 0],Kobuki,0,mobile_base_nodelet_manager: Analog Input,[4065, 4071, 4070, 4087],Kobuki
1494527494026130608,38,1494527494512380841,,0,mobile_base_nodelet_manager: Battery,Healthy,Kobuki,Voltage (V),15.1,Percent,59.697,Charge (Ah),1.31333,Capacity (Ah),2.2,Source,None,Charging State,Not Charging,Current (A),0,0,mobile_base_nodelet_manager: Watchdog,Alive,Kobuki,0,mobile_base_nodelet_manager: Wall Sensor,All right,Kobuki,Left,NO,Center,NO,Right,NO,0,mobile_base_nodelet_manager: Cliff Sensor,All right,Kobuki,Left,Reading: 1576  Cliff: NO,Center,Reading: 1914  Cliff: NO,Right,Reading: 1625  Cliff: NO,0,mobile_base_nodelet_manager: Wheel Drop,All right,Kobuki,Left,NO,Right,NO,1,mobile_base_nodelet_manager: Motor Current,Is robot stalled? Motors current is very high,Kobuki,Left,7,Right,2,0,mobile_base_nodelet_manager: Motor State,Motors Enabled,Kobuki,State,1,0,mobile_base_nodelet_manager: Gyro Sensor,Heading: -65.24 degrees,Kobuki,0,mobile_base_nodelet_manager: Digital Input,[0, 0, 0, 0],Kobuki,0,mobile_base_nodelet_manager: Analog Input,[4066, 4071, 4060, 4071],Kobuki
1494527495132542542,39,1494527495612322846,,0,mobile_base_nodelet_manager: Battery,Healthy,Kobuki,Voltage (V),15.1,Percent,59.697,Charge (Ah),1.31333,Capacity (Ah),2.2,Source,None,Charging State,Not Charging,Current (A),0,0,mobile_base_nodelet_manager: Watchdog,Alive,Kobuki,0,mobile_base_nodelet_manager: Wall Sensor,All right,Kobuki,Left,NO,Center,NO,Right,NO,0,mobile_base_nodelet_manager: Cliff Sensor,All right,Kobuki,Left,Reading: 1553  Cliff: NO,Center,Reading: 1905  Cliff: NO,Right,Reading: 1637  Cliff: NO,0,mobile_base_nodelet_manager: Wheel Drop,All right,Kobuki,Left,NO,Right,NO,1,mobile_base_nodelet_manager: Motor Current,Is robot stalled? Motors current is very high,Kobuki,Left,10,Right,2,0,mobile_base_nodelet_manager: Motor State,Motors Enabled,Kobuki,State,1,0,mobile_base_nodelet_manager: Gyro Sensor,Heading: -129.85 degrees,Kobuki,0,mobile_base_nodelet_manager: Digital Input,[0, 0, 0, 0],Kobuki,0,mobile_base_nodelet_manager: Analog Input,[4064, 4074, 4060, 4061],Kobuki
1494527496135632140,40,1494527496612962655,,0,mobile_base_nodelet_manager: Battery,Healthy,Kobuki,Voltage (V),15.1,Percent,59.697,Charge (Ah),1.31333,Capacity (Ah),2.2,Source,None,Charging State,Not Charging,Current (A),0,0,mobile_base_nodelet_manager: Watchdog,Alive,Kobuki,0,mobile_base_nodelet_manager: Wall Sensor,All right,Kobuki,Left,NO,Center,NO,Right,NO,0,mobile_base_nodelet_manager: Cliff Sensor,All right,Kobuki,Left,Reading: 1575  Cliff: NO,Center,Reading: 1903  Cliff: NO,Right,Reading: 1626  Cliff: NO,0,mobile_base_nodelet_manager: Wheel Drop,All right,Kobuki,Left,NO,Right,NO,0,mobile_base_nodelet_manager: Motor Current,All right,Kobuki,Left,5,Right,4,0,mobile_base_nodelet_manager: Motor State,Motors Enabled,Kobuki,State,1,0,mobile_base_nodelet_manager: Gyro Sensor,Heading: 165.76 degrees,Kobuki,0,mobile_base_nodelet_manager: Digital Input,[0, 0, 0, 0],Kobuki,0,mobile_base_nodelet_manager: Analog Input,[4063, 4077, 4070, 4079],Kobuki
1494527497226810045,41,1494527497712350199,,0,mobile_base_nodelet_manager: Battery,Healthy,Kobuki,Voltage (V),15.1,Percent,59.697,Charge (Ah),1.31333,Capacity (Ah),2.2,Source,None,Charging State,Not Charging,Current (A),0,0,mobile_base_nodelet_manager: Watchdog,Alive,Kobuki,0,mobile_base_nodelet_manager: Wall Sensor,All right,Kobuki,Left,NO,Center,NO,Right,NO,0,mobile_base_nodelet_manager: Cliff Sensor,All right,Kobuki,Left,Reading: 1576  Cliff: NO,Center,Reading: 1906  Cliff: NO,Right,Reading: 1622  Cliff: NO,0,mobile_base_nodelet_manager: Wheel Drop,All right,Kobuki,Left,NO,Right,NO,1,mobile_base_nodelet_manager: Motor Current,Is robot stalled? Motors current is very high,Kobuki,Left,6,Right,7,0,mobile_base_nodelet_manager: Motor State,Motors Enabled,Kobuki,State,1,0,mobile_base_nodelet_manager: Gyro Sensor,Heading: 145.37 degrees,Kobuki,0,mobile_base_nodelet_manager: Digital Input,[0, 0, 0, 0],Kobuki,0,mobile_base_nodelet_manager: Analog Input,[4067, 4075, 4066, 4068],Kobuki
1494527498325148161,42,1494527498812350963,,0,mobile_base_nodelet_manager: Battery,Healthy,Kobuki,Voltage (V),15.1,Percent,59.697,Charge (Ah),1.31333,Capacity (Ah),2.2,Source,None,Charging State,Not Charging,Current (A),0,0,mobile_base_nodelet_manager: Watchdog,Alive,Kobuki,0,mobile_base_nodelet_manager: Wall Sensor,All right,Kobuki,Left,NO,Center,NO,Right,NO,0,mobile_base_nodelet_manager: Cliff Sensor,All right,Kobuki,Left,Reading: 1556  Cliff: NO,Center,Reading: 1883  Cliff: NO,Right,Reading: 1619  Cliff: NO,0,mobile_base_nodelet_manager: Wheel Drop,All right,Kobuki,Left,NO,Right,NO,1,mobile_base_nodelet_manager: Motor Current,Is robot stalled? Motors current is very high,Kobuki,Left,3,Right,7,0,mobile_base_nodelet_manager: Motor State,Motors Enabled,Kobuki,State,1,0,mobile_base_nodelet_manager: Gyro Sensor,Heading: 172.78 degrees,Kobuki,0,mobile_base_nodelet_manager: Digital Input,[0, 0, 0, 0],Kobuki,0,mobile_base_nodelet_manager: Analog Input,[4070, 4069, 4060, 4078],Kobuki
1494527499436979189,43,1494527499912327536,,0,mobile_base_nodelet_manager: Battery,Healthy,Kobuki,Voltage (V),15.1,Percent,59.697,Charge (Ah),1.31333,Capacity (Ah),2.2,Source,None,Charging State,Not Charging,Current (A),0,0,mobile_base_nodelet_manager: Watchdog,Alive,Kobuki,0,mobile_base_nodelet_manager: Wall Sensor,All right,Kobuki,Left,NO,Center,NO,Right,NO,0,mobile_base_nodelet_manager: Cliff Sensor,All right,Kobuki,Left,Reading: 1578  Cliff: NO,Center,Reading: 1909  Cliff: NO,Right,Reading: 1602  Cliff: NO,0,mobile_base_nodelet_manager: Wheel Drop,All right,Kobuki,Left,NO,Right,NO,1,mobile_base_nodelet_manager: Motor Current,Is robot stalled? Motors current is very high,Kobuki,Left,2,Right,9,0,mobile_base_nodelet_manager: Motor State,Motors Enabled,Kobuki,State,1,0,mobile_base_nodelet_manager: Gyro Sensor,Heading: -125.79 degrees,Kobuki,0,mobile_base_nodelet_manager: Digital Input,[0, 0, 0, 0],Kobuki,0,mobile_base_nodelet_manager: Analog Input,[4062, 4074, 4071, 4080],Kobuki
1494527500426150763,44,1494527500912577035,,0,mobile_base_nodelet_manager: Battery,Healthy,Kobuki,Voltage (V),15.1,Percent,59.697,Charge (Ah),1.31333,Capacity (Ah),2.2,Source,None,Charging State,Not Charging,Current (A),0,0,mobile_base_nodelet_manager: Watchdog,Alive,Kobuki,0,mobile_base_nodelet_manager: Wall Sensor,All right,Kobuki,Left,NO,Center,NO,Right,NO,0,mobile_base_nodelet_manager: Cliff Sensor,All right,Kobuki,Left,Reading: 1578  Cliff: NO,Center,Reading: 1905  Cliff: NO,Right,Reading: 1646  Cliff: NO,0,mobile_base_nodelet_manager: Wheel Drop,All right,Kobuki,Left,NO,Right,NO,1,mobile_base_nodelet_manager: Motor Current,Is robot stalled? Motors current is very high,Kobuki,Left,2,Right,7,0,mobile_base_nodelet_manager: Motor State,Motors Enabled,Kobuki,State,1,0,mobile_base_nodelet_manager: Gyro Sensor,Heading: -69.61 degrees,Kobuki,0,mobile_base_nodelet_manager: Digital Input,[0, 0, 0, 0],Kobuki,0,mobile_base_nodelet_manager: Analog Input,[4065, 4076, 4068, 4084],Kobuki
1494527501527706434,45,1494527502012388642,,0,mobile_base_nodelet_manager: Battery,Healthy,Kobuki,Voltage (V),15.1,Percent,59.697,Charge (Ah),1.31333,Capacity (Ah),2.2,Source,None,Charging State,Not Charging,Current (A),0,0,mobile_base_nodelet_manager: Watchdog,Alive,Kobuki,0,mobile_base_nodelet_manager: Wall Sensor,All right,Kobuki,Left,NO,Center,NO,Right,NO,0,mobile_base_nodelet_manager: Cliff Sensor,All right,Kobuki,Left,Reading: 1582  Cliff: NO,Center,Reading: 1903  Cliff: NO,Right,Reading: 1643  Cliff: NO,0,mobile_base_nodelet_manager: Wheel Drop,All right,Kobuki,Left,NO,Right,NO,1,mobile_base_nodelet_manager: Motor Current,Is robot stalled? Motors current is very high,Kobuki,Left,3,Right,8,0,mobile_base_nodelet_manager: Motor State,Motors Enabled,Kobuki,State,1,0,mobile_base_nodelet_manager: Gyro Sensor,Heading: -19.09 degrees,Kobuki,0,mobile_base_nodelet_manager: Digital Input,[0, 0, 0, 0],Kobuki,0,mobile_base_nodelet_manager: Analog Input,[4068, 4075, 4062, 4068],Kobuki
1494527502625676221,46,1494527503112515307,,0,mobile_base_nodelet_manager: Battery,Healthy,Kobuki,Voltage (V),15.1,Percent,59.697,Charge (Ah),1.31333,Capacity (Ah),2.2,Source,None,Charging State,Not Charging,Current (A),0,0,mobile_base_nodelet_manager: Watchdog,Alive,Kobuki,0,mobile_base_nodelet_manager: Wall Sensor,All right,Kobuki,Left,NO,Center,NO,Right,NO,0,mobile_base_nodelet_manager: Cliff Sensor,All right,Kobuki,Left,Reading: 1601  Cliff: NO,Center,Reading: 1904  Cliff: NO,Right,Reading: 1622  Cliff: NO,0,mobile_base_nodelet_manager: Wheel Drop,All right,Kobuki,Left,NO,Right,NO,1,mobile_base_nodelet_manager: Motor Current,Is robot stalled? Motors current is very high,Kobuki,Left,2,Right,8,0,mobile_base_nodelet_manager: Motor State,Motors Enabled,Kobuki,State,1,0,mobile_base_nodelet_manager: Gyro Sensor,Heading: 31.26 degrees,Kobuki,0,mobile_base_nodelet_manager: Digital Input,[0, 0, 0, 0],Kobuki,0,mobile_base_nodelet_manager: Analog Input,[4063, 4079, 4072, 4074],Kobuki
1494527503726641392,47,1494527504212572530,,0,mobile_base_nodelet_manager: Battery,Healthy,Kobuki,Voltage (V),15.1,Percent,59.697,Charge (Ah),1.31333,Capacity (Ah),2.2,Source,None,Charging State,Not Charging,Current (A),0,0,mobile_base_nodelet_manager: Watchdog,Alive,Kobuki,0,mobile_base_nodelet_manager: Wall Sensor,All right,Kobuki,Left,NO,Center,NO,Right,NO,0,mobile_base_nodelet_manager: Cliff Sensor,All right,Kobuki,Left,Reading: 1573  Cliff: NO,Center,Reading: 1908  Cliff: NO,Right,Reading: 1599  Cliff: NO,0,mobile_base_nodelet_manager: Wheel Drop,All right,Kobuki,Left,NO,Right,NO,1,mobile_base_nodelet_manager: Motor Current,Is robot stalled? Motors current is very high,Kobuki,Left,3,Right,8,0,mobile_base_nodelet_manager: Motor State,Motors Enabled,Kobuki,State,1,0,mobile_base_nodelet_manager: Gyro Sensor,Heading: 81.74 degrees,Kobuki,0,mobile_base_nodelet_manager: Digital Input,[0, 0, 0, 0],Kobuki,0,mobile_base_nodelet_manager: Analog Input,[4069, 4072, 4057, 4071],Kobuki
1494527504839993203,48,1494527505312464855,,0,mobile_base_nodelet_manager: Battery,Healthy,Kobuki,Voltage (V),15.1,Percent,59.697,Charge (Ah),1.31333,Capacity (Ah),2.2,Source,None,Charging State,Not Charging,Current (A),0,0,mobile_base_nodelet_manager: Watchdog,Alive,Kobuki,0,mobile_base_nodelet_manager: Wall Sensor,All right,Kobuki,Left,NO,Center,NO,Right,NO,0,mobile_base_nodelet_manager: Cliff Sensor,All right,Kobuki,Left,Reading: 1583  Cliff: NO,Center,Reading: 1906  Cliff: NO,Right,Reading: 1624  Cliff: NO,0,mobile_base_nodelet_manager: Wheel Drop,All right,Kobuki,Left,NO,Right,NO,1,mobile_base_nodelet_manager: Motor Current,Is robot stalled? Motors current is very high,Kobuki,Left,7,Right,5,0,mobile_base_nodelet_manager: Motor State,Motors Enabled,Kobuki,State,1,0,mobile_base_nodelet_manager: Gyro Sensor,Heading: 129.09 degrees,Kobuki,0,mobile_base_nodelet_manager: Digital Input,[0, 0, 0, 0],Kobuki,0,mobile_base_nodelet_manager: Analog Input,[4061, 4068, 4066, 4078],Kobuki
1494527505932669999,49,1494527506412536987,,0,mobile_base_nodelet_manager: Battery,Healthy,Kobuki,Voltage (V),15.1,Percent,59.697,Charge (Ah),1.31333,Capacity (Ah),2.2,Source,None,Charging State,Not Charging,Current (A),0,0,mobile_base_nodelet_manager: Watchdog,Alive,Kobuki,0,mobile_base_nodelet_manager: Wall Sensor,All right,Kobuki,Left,NO,Center,NO,Right,NO,0,mobile_base_nodelet_manager: Cliff Sensor,All right,Kobuki,Left,Reading: 1577  Cliff: NO,Center,Reading: 1925  Cliff: NO,Right,Reading: 1646  Cliff: NO,0,mobile_base_nodelet_manager: Wheel Drop,All right,Kobuki,Left,NO,Right,NO,0,mobile_base_nodelet_manager: Motor Current,All right,Kobuki,Left,3,Right,6,0,mobile_base_nodelet_manager: Motor State,Motors Enabled,Kobuki,State,1,0,mobile_base_nodelet_manager: Gyro Sensor,Heading: 136.05 degrees,Kobuki,0,mobile_base_nodelet_manager: Digital Input,[0, 0, 0, 0],Kobuki,0,mobile_base_nodelet_manager: Analog Input,[4070, 4080, 4054, 4070],Kobuki
1494527507026337358,50,1494527507512359638,,0,mobile_base_nodelet_manager: Battery,Healthy,Kobuki,Voltage (V),15.1,Percent,59.697,Charge (Ah),1.31333,Capacity (Ah),2.2,Source,None,Charging State,Not Charging,Current (A),0,0,mobile_base_nodelet_manager: Watchdog,Alive,Kobuki,0,mobile_base_nodelet_manager: Wall Sensor,All right,Kobuki,Left,NO,Center,NO,Right,NO,0,mobile_base_nodelet_manager: Cliff Sensor,All right,Kobuki,Left,Reading: 1580  Cliff: NO,Center,Reading: 1934  Cliff: NO,Right,Reading: 1645  Cliff: NO,0,mobile_base_nodelet_manager: Wheel Drop,All right,Kobuki,Left,NO,Right,NO,1,mobile_base_nodelet_manager: Motor Current,Is robot stalled? Motors current is very high,Kobuki,Left,2,Right,9,0,mobile_base_nodelet_manager: Motor State,Motors Enabled,Kobuki,State,1,0,mobile_base_nodelet_manager: Gyro Sensor,Heading: -170.63 degrees,Kobuki,0,mobile_base_nodelet_manager: Digital Input,[0, 0, 0, 0],Kobuki,0,mobile_base_nodelet_manager: Analog Input,[4064, 4071, 4067, 4080],Kobuki
1494527508125324411,51,1494527508612334429,,0,mobile_base_nodelet_manager: Battery,Healthy,Kobuki,Voltage (V),15.1,Percent,59.697,Charge (Ah),1.31333,Capacity (Ah),2.2,Source,None,Charging State,Not Charging,Current (A),0,0,mobile_base_nodelet_manager: Watchdog,Alive,Kobuki,0,mobile_base_nodelet_manager: Wall Sensor,All right,Kobuki,Left,NO,Center,NO,Right,NO,0,mobile_base_nodelet_manager: Cliff Sensor,All right,Kobuki,Left,Reading: 1574  Cliff: NO,Center,Reading: 1904  Cliff: NO,Right,Reading: 1599  Cliff: NO,0,mobile_base_nodelet_manager: Wheel Drop,All right,Kobuki,Left,NO,Right,NO,1,mobile_base_nodelet_manager: Motor Current,Is robot stalled? Motors current is very high,Kobuki,Left,2,Right,9,0,mobile_base_nodelet_manager: Motor State,Motors Enabled,Kobuki,State,1,0,mobile_base_nodelet_manager: Gyro Sensor,Heading: -88.15 degrees,Kobuki,0,mobile_base_nodelet_manager: Digital Input,[0, 0, 0, 0],Kobuki,0,mobile_base_nodelet_manager: Analog Input,[4064, 4075, 4069, 4080],Kobuki
1494527509225452092,52,1494527509712353695,,0,mobile_base_nodelet_manager: Battery,Healthy,Kobuki,Voltage (V),15.1,Percent,59.697,Charge (Ah),1.31333,Capacity (Ah),2.2,Source,None,Charging State,Not Charging,Current (A),0,0,mobile_base_nodelet_manager: Watchdog,Alive,Kobuki,0,mobile_base_nodelet_manager: Wall Sensor,All right,Kobuki,Left,NO,Center,NO,Right,NO,0,mobile_base_nodelet_manager: Cliff Sensor,All right,Kobuki,Left,Reading: 1553  Cliff: NO,Center,Reading: 1903  Cliff: NO,Right,Reading: 1623  Cliff: NO,0,mobile_base_nodelet_manager: Wheel Drop,All right,Kobuki,Left,NO,Right,NO,1,mobile_base_nodelet_manager: Motor Current,Is robot stalled? Motors current is very high,Kobuki,Left,4,Right,8,0,mobile_base_nodelet_manager: Motor State,Motors Enabled,Kobuki,State,1,0,mobile_base_nodelet_manager: Gyro Sensor,Heading: -23.36 degrees,Kobuki,0,mobile_base_nodelet_manager: Digital Input,[0, 0, 0, 0],Kobuki,0,mobile_base_nodelet_manager: Analog Input,[4073, 4081, 4053, 4069],Kobuki
1494527510325637044,53,1494527510812374602,,0,mobile_base_nodelet_manager: Battery,Healthy,Kobuki,Voltage (V),15.1,Percent,59.697,Charge (Ah),1.31333,Capacity (Ah),2.2,Source,None,Charging State,Not Charging,Current (A),0,0,mobile_base_nodelet_manager: Watchdog,Alive,Kobuki,0,mobile_base_nodelet_manager: Wall Sensor,All right,Kobuki,Left,NO,Center,NO,Right,NO,0,mobile_base_nodelet_manager: Cliff Sensor,All right,Kobuki,Left,Reading: 1561  Cliff: NO,Center,Reading: 2021  Cliff: NO,Right,Reading: 1601  Cliff: NO,0,mobile_base_nodelet_manager: Wheel Drop,All right,Kobuki,Left,NO,Right,NO,1,mobile_base_nodelet_manager: Motor Current,Is robot stalled? Motors current is very high,Kobuki,Left,9,Right,2,0,mobile_base_nodelet_manager: Motor State,Motors Enabled,Kobuki,State,1,0,mobile_base_nodelet_manager: Gyro Sensor,Heading: -41.40 degrees,Kobuki,0,mobile_base_nodelet_manager: Digital Input,[0, 0, 0, 0],Kobuki,0,mobile_base_nodelet_manager: Analog Input,[4063, 4073, 4058, 4061],Kobuki
1494527511425481290,54,1494527511912407358,,0,mobile_base_nodelet_manager: Battery,Healthy,Kobuki,Voltage (V),15.1,Percent,59.697,Charge (Ah),1.31333,Capacity (Ah),2.2,Source,None,Charging State,Not Charging,Current (A),0,0,mobile_base_nodelet_manager: Watchdog,Alive,Kobuki,0,mobile_base_nodelet_manager: Wall Sensor,All right,Kobuki,Left,NO,Center,NO,Right,NO,0,mobile_base_nodelet_manager: Cliff Sensor,All right,Kobuki,Left,Reading: 1572  Cliff: NO,Center,Reading: 1904  Cliff: NO,Right,Reading: 1643  Cliff: NO,0,mobile_base_nodelet_manager: Wheel Drop,All right,Kobuki,Left,NO,Right,NO,1,mobile_base_nodelet_manager: Motor Current,Is robot stalled? Motors current is very high,Kobuki,Left,8,Right,2,0,mobile_base_nodelet_manager: Motor State,Motors Enabled,Kobuki,State,1,0,mobile_base_nodelet_manager: Gyro Sensor,Heading: -110.20 degrees,Kobuki,0,mobile_base_nodelet_manager: Digital Input,[0, 0, 0, 0],Kobuki,0,mobile_base_nodelet_manager: Analog Input,[4064, 4067, 4065, 4085],Kobuki
1494527512531352376,55,1494527513012938751,,0,mobile_base_nodelet_manager: Battery,Healthy,Kobuki,Voltage (V),15.1,Percent,59.697,Charge (Ah),1.31333,Capacity (Ah),2.2,Source,None,Charging State,Not Charging,Current (A),0,0,mobile_base_nodelet_manager: Watchdog,Alive,Kobuki,0,mobile_base_nodelet_manager: Wall Sensor,All right,Kobuki,Left,NO,Center,NO,Right,NO,0,mobile_base_nodelet_manager: Cliff Sensor,All right,Kobuki,Left,Reading: 1577  Cliff: NO,Center,Reading: 1904  Cliff: NO,Right,Reading: 1647  Cliff: NO,0,mobile_base_nodelet_manager: Wheel Drop,All right,Kobuki,Left,NO,Right,NO,1,mobile_base_nodelet_manager: Motor Current,Is robot stalled? Motors current is very high,Kobuki,Left,8,Right,1,0,mobile_base_nodelet_manager: Motor State,Motors Enabled,Kobuki,State,1,0,mobile_base_nodelet_manager: Gyro Sensor,Heading: 165.71 degrees,Kobuki,0,mobile_base_nodelet_manager: Digital Input,[0, 0, 0, 0],Kobuki,0,mobile_base_nodelet_manager: Analog Input,[4063, 4071, 4071, 4051],Kobuki
1494527513625350269,56,1494527514112339257,,0,mobile_base_nodelet_manager: Battery,Healthy,Kobuki,Voltage (V),15.1,Percent,59.697,Charge (Ah),1.31333,Capacity (Ah),2.2,Source,None,Charging State,Not Charging,Current (A),0,0,mobile_base_nodelet_manager: Watchdog,Alive,Kobuki,0,mobile_base_nodelet_manager: Wall Sensor,All right,Kobuki,Left,NO,Center,NO,Right,NO,0,mobile_base_nodelet_manager: Cliff Sensor,All right,Kobuki,Left,Reading: 1575  Cliff: NO,Center,Reading: 1903  Cliff: NO,Right,Reading: 1623  Cliff: NO,0,mobile_base_nodelet_manager: Wheel Drop,All right,Kobuki,Left,NO,Right,NO,0,mobile_base_nodelet_manager: Motor Current,All right,Kobuki,Left,6,Right,2,0,mobile_base_nodelet_manager: Motor State,Motors Enabled,Kobuki,State,1,0,mobile_base_nodelet_manager: Gyro Sensor,Heading: 94.85 degrees,Kobuki,0,mobile_base_nodelet_manager: Digital Input,[0, 0, 0, 0],Kobuki,0,mobile_base_nodelet_manager: Analog Input,[4059, 4070, 4069, 4077],Kobuki
1494527514725106746,57,1494527515212398271,,0,mobile_base_nodelet_manager: Battery,Healthy,Kobuki,Voltage (V),15.1,Percent,59.697,Charge (Ah),1.31333,Capacity (Ah),2.2,Source,None,Charging State,Not Charging,Current (A),0,0,mobile_base_nodelet_manager: Watchdog,Alive,Kobuki,0,mobile_base_nodelet_manager: Wall Sensor,All right,Kobuki,Left,NO,Center,NO,Right,NO,0,mobile_base_nodelet_manager: Cliff Sensor,All right,Kobuki,Left,Reading: 1562  Cliff: NO,Center,Reading: 1901  Cliff: NO,Right,Reading: 1622  Cliff: NO,0,mobile_base_nodelet_manager: Wheel Drop,All right,Kobuki,Left,NO,Right,NO,0,mobile_base_nodelet_manager: Motor Current,All right,Kobuki,Left,5,Right,5,0,mobile_base_nodelet_manager: Motor State,Motors Enabled,Kobuki,State,1,0,mobile_base_nodelet_manager: Gyro Sensor,Heading: 57.10 degrees,Kobuki,0,mobile_base_nodelet_manager: Digital Input,[0, 0, 0, 0],Kobuki,0,mobile_base_nodelet_manager: Analog Input,[4061, 4073, 4072, 4081],Kobuki
1494527515825123966,58,1494527516312350428,,0,mobile_base_nodelet_manager: Battery,Healthy,Kobuki,Voltage (V),15.1,Percent,59.697,Charge (Ah),1.31333,Capacity (Ah),2.2,Source,None,Charging State,Not Charging,Current (A),0,0,mobile_base_nodelet_manager: Watchdog,Alive,Kobuki,0,mobile_base_nodelet_manager: Wall Sensor,All right,Kobuki,Left,NO,Center,NO,Right,NO,0,mobile_base_nodelet_manager: Cliff Sensor,All right,Kobuki,Left,Reading: 1553  Cliff: NO,Center,Reading: 1907  Cliff: NO,Right,Reading: 1624  Cliff: NO,0,mobile_base_nodelet_manager: Wheel Drop,All right,Kobuki,Left,NO,Right,NO,1,mobile_base_nodelet_manager: Motor Current,Is robot stalled? Motors current is very high,Kobuki,Left,7,Right,2,0,mobile_base_nodelet_manager: Motor State,Motors Enabled,Kobuki,State,1,0,mobile_base_nodelet_manager: Gyro Sensor,Heading: 36.54 degrees,Kobuki,0,mobile_base_nodelet_manager: Digital Input,[0, 0, 0, 0],Kobuki,0,mobile_base_nodelet_manager: Analog Input,[4074, 4082, 4061, 4077],Kobuki
1494527516929257916,59,1494527517412641265,,0,mobile_base_nodelet_manager: Battery,Healthy,Kobuki,Voltage (V),15.1,Percent,59.697,Charge (Ah),1.31333,Capacity (Ah),2.2,Source,None,Charging State,Not Charging,Current (A),0,0,mobile_base_nodelet_manager: Watchdog,Alive,Kobuki,0,mobile_base_nodelet_manager: Wall Sensor,All right,Kobuki,Left,NO,Center,NO,Right,NO,0,mobile_base_nodelet_manager: Cliff Sensor,All right,Kobuki,Left,Reading: 1553  Cliff: NO,Center,Reading: 1884  Cliff: NO,Right,Reading: 1646  Cliff: NO,0,mobile_base_nodelet_manager: Wheel Drop,All right,Kobuki,Left,NO,Right,NO,0,mobile_base_nodelet_manager: Motor Current,All right,Kobuki,Left,6,Right,2,0,mobile_base_nodelet_manager: Motor State,Motors Enabled,Kobuki,State,1,0,mobile_base_nodelet_manager: Gyro Sensor,Heading: 2.85 degrees,Kobuki,0,mobile_base_nodelet_manager: Digital Input,[0, 0, 0, 0],Kobuki,0,mobile_base_nodelet_manager: Analog Input,[4060, 4069, 4064, 4082],Kobuki
1494527518025945023,60,1494527518512434622,,0,mobile_base_nodelet_manager: Battery,Healthy,Kobuki,Voltage (V),15.1,Percent,59.697,Charge (Ah),1.31333,Capacity (Ah),2.2,Source,None,Charging State,Not Charging,Current (A),0,0,mobile_base_nodelet_manager: Watchdog,Alive,Kobuki,0,mobile_base_nodelet_manager: Wall Sensor,All right,Kobuki,Left,NO,Center,NO,Right,NO,0,mobile_base_nodelet_manager: Cliff Sensor,All right,Kobuki,Left,Reading: 1577  Cliff: NO,Center,Reading: 1929  Cliff: NO,Right,Reading: 1648  Cliff: NO,0,mobile_base_nodelet_manager: Wheel Drop,All right,Kobuki,Left,NO,Right,NO,1,mobile_base_nodelet_manager: Motor Current,Is robot stalled? Motors current is very high,Kobuki,Left,7,Right,3,0,mobile_base_nodelet_manager: Motor State,Motors Enabled,Kobuki,State,1,0,mobile_base_nodelet_manager: Gyro Sensor,Heading: -32.27 degrees,Kobuki,0,mobile_base_nodelet_manager: Digital Input,[0, 0, 0, 0],Kobuki,0,mobile_base_nodelet_manager: Analog Input,[4062, 4075, 4056, 4063],Kobuki
1494527519130053302,61,1494527519612483701,,0,mobile_base_nodelet_manager: Battery,Healthy,Kobuki,Voltage (V),15.1,Percent,59.697,Charge (Ah),1.31333,Capacity (Ah),2.2,Source,None,Charging State,Not Charging,Current (A),0,0,mobile_base_nodelet_manager: Watchdog,Alive,Kobuki,0,mobile_base_nodelet_manager: Wall Sensor,All right,Kobuki,Left,NO,Center,NO,Right,NO,0,mobile_base_nodelet_manager: Cliff Sensor,All right,Kobuki,Left,Reading: 1555  Cliff: NO,Center,Reading: 1903  Cliff: NO,Right,Reading: 1655  Cliff: NO,0,mobile_base_nodelet_manager: Wheel Drop,All right,Kobuki,Left,NO,Right,NO,1,mobile_base_nodelet_manager: Motor Current,Is robot stalled? Motors current is very high,Kobuki,Left,10,Right,1,0,mobile_base_nodelet_manager: Motor State,Motors Enabled,Kobuki,State,1,0,mobile_base_nodelet_manager: Gyro Sensor,Heading: -100.55 degrees,Kobuki,0,mobile_base_nodelet_manager: Digital Input,[0, 0, 0, 0],Kobuki,0,mobile_base_nodelet_manager: Analog Input,[4077, 4075, 4071, 4057],Kobuki
1494527520226362288,62,1494527520712494088,,0,mobile_base_nodelet_manager: Battery,Healthy,Kobuki,Voltage (V),15,Percent,56.8182,Charge (Ah),1.25,Capacity (Ah),2.2,Source,None,Charging State,Not Charging,Current (A),0,0,mobile_base_nodelet_manager: Watchdog,Alive,Kobuki,0,mobile_base_nodelet_manager: Wall Sensor,All right,Kobuki,Left,NO,Center,NO,Right,NO,0,mobile_base_nodelet_manager: Cliff Sensor,All right,Kobuki,Left,Reading: 1555  Cliff: NO,Center,Reading: 1879  Cliff: NO,Right,Reading: 1625  Cliff: NO,0,mobile_base_nodelet_manager: Wheel Drop,All right,Kobuki,Left,NO,Right,NO,1,mobile_base_nodelet_manager: Motor Current,Is robot stalled? Motors current is very high,Kobuki,Left,10,Right,3,0,mobile_base_nodelet_manager: Motor State,Motors Enabled,Kobuki,State,1,0,mobile_base_nodelet_manager: Gyro Sensor,Heading: 165.88 degrees,Kobuki,0,mobile_base_nodelet_manager: Digital Input,[0, 0, 0, 0],Kobuki,0,mobile_base_nodelet_manager: Analog Input,[4070, 4066, 4061, 4065],Kobuki
1494527521327869669,63,1494527521812349742,,0,mobile_base_nodelet_manager: Battery,Healthy,Kobuki,Voltage (V),15.1,Percent,59.697,Charge (Ah),1.31333,Capacity (Ah),2.2,Source,None,Charging State,Not Charging,Current (A),0,0,mobile_base_nodelet_manager: Watchdog,Alive,Kobuki,0,mobile_base_nodelet_manager: Wall Sensor,All right,Kobuki,Left,NO,Center,NO,Right,NO,0,mobile_base_nodelet_manager: Cliff Sensor,All right,Kobuki,Left,Reading: 1572  Cliff: NO,Center,Reading: 1906  Cliff: NO,Right,Reading: 1626  Cliff: NO,0,mobile_base_nodelet_manager: Wheel Drop,All right,Kobuki,Left,NO,Right,NO,1,mobile_base_nodelet_manager: Motor Current,Is robot stalled? Motors current is very high,Kobuki,Left,7,Right,5,0,mobile_base_nodelet_manager: Motor State,Motors Enabled,Kobuki,State,1,0,mobile_base_nodelet_manager: Gyro Sensor,Heading: 132.26 degrees,Kobuki,0,mobile_base_nodelet_manager: Digital Input,[0, 0, 0, 0],Kobuki,0,mobile_base_nodelet_manager: Analog Input,[4062, 4070, 4067, 4079],Kobuki
1494527522426400263,64,1494527522912347452,,0,mobile_base_nodelet_manager: Battery,Healthy,Kobuki,Voltage (V),15.1,Percent,59.697,Charge (Ah),1.31333,Capacity (Ah),2.2,Source,None,Charging State,Not Charging,Current (A),0,0,mobile_base_nodelet_manager: Watchdog,Alive,Kobuki,0,mobile_base_nodelet_manager: Wall Sensor,All right,Kobuki,Left,NO,Center,NO,Right,NO,0,mobile_base_nodelet_manager: Cliff Sensor,All right,Kobuki,Left,Reading: 1588  Cliff: NO,Center,Reading: 1907  Cliff: NO,Right,Reading: 1604  Cliff: NO,0,mobile_base_nodelet_manager: Wheel Drop,All right,Kobuki,Left,NO,Right,NO,1,mobile_base_nodelet_manager: Motor Current,Is robot stalled? Motors current is very high,Kobuki,Left,3,Right,9,0,mobile_base_nodelet_manager: Motor State,Motors Enabled,Kobuki,State,1,0,mobile_base_nodelet_manager: Gyro Sensor,Heading: 157.65 degrees,Kobuki,0,mobile_base_nodelet_manager: Digital Input,[0, 0, 0, 0],Kobuki,0,mobile_base_nodelet_manager: Analog Input,[4063, 4077, 4070, 4092],Kobuki
1494527523526552583,65,1494527524012835007,,0,mobile_base_nodelet_manager: Battery,Healthy,Kobuki,Voltage (V),15,Percent,56.8182,Charge (Ah),1.25,Capacity (Ah),2.2,Source,None,Charging State,Not Charging,Current (A),0,0,mobile_base_nodelet_manager: Watchdog,Alive,Kobuki,0,mobile_base_nodelet_manager: Wall Sensor,All right,Kobuki,Left,NO,Center,NO,Right,NO,0,mobile_base_nodelet_manager: Cliff Sensor,All right,Kobuki,Left,Reading: 1564  Cliff: NO,Center,Reading: 1904  Cliff: NO,Right,Reading: 1624  Cliff: NO,0,mobile_base_nodelet_manager: Wheel Drop,All right,Kobuki,Left,NO,Right,NO,1,mobile_base_nodelet_manager: Motor Current,Is robot stalled? Motors current is very high,Kobuki,Left,3,Right,10,0,mobile_base_nodelet_manager: Motor State,Motors Enabled,Kobuki,State,1,0,mobile_base_nodelet_manager: Gyro Sensor,Heading: -138.05 degrees,Kobuki,0,mobile_base_nodelet_manager: Digital Input,[0, 0, 0, 0],Kobuki,0,mobile_base_nodelet_manager: Analog Input,[4060, 4068, 4065, 4081],Kobuki
1494527524627066867,66,1494527525112646001,,0,mobile_base_nodelet_manager: Battery,Healthy,Kobuki,Voltage (V),15.1,Percent,59.697,Charge (Ah),1.31333,Capacity (Ah),2.2,Source,None,Charging State,Not Charging,Current (A),0,0,mobile_base_nodelet_manager: Watchdog,Alive,Kobuki,0,mobile_base_nodelet_manager: Wall Sensor,All right,Kobuki,Left,NO,Center,NO,Right,NO,0,mobile_base_nodelet_manager: Cliff Sensor,All right,Kobuki,Left,Reading: 1565  Cliff: NO,Center,Reading: 1909  Cliff: NO,Right,Reading: 1624  Cliff: NO,0,mobile_base_nodelet_manager: Wheel Drop,All right,Kobuki,Left,NO,Right,NO,1,mobile_base_nodelet_manager: Motor Current,Is robot stalled? Motors current is very high,Kobuki,Left,4,Right,10,0,mobile_base_nodelet_manager: Motor State,Motors Enabled,Kobuki,State,1,0,mobile_base_nodelet_manager: Gyro Sensor,Heading: -72.04 degrees,Kobuki,0,mobile_base_nodelet_manager: Digital Input,[0, 0, 0, 0],Kobuki,0,mobile_base_nodelet_manager: Analog Input,[4070, 4078, 4062, 4077],Kobuki
1494527525725360224,67,1494527526212433095,,0,mobile_base_nodelet_manager: Battery,Healthy,Kobuki,Voltage (V),15,Percent,56.8182,Charge (Ah),1.25,Capacity (Ah),2.2,Source,None,Charging State,Not Charging,Current (A),0,0,mobile_base_nodelet_manager: Watchdog,Alive,Kobuki,0,mobile_base_nodelet_manager: Wall Sensor,All right,Kobuki,Left,NO,Center,NO,Right,NO,0,mobile_base_nodelet_manager: Cliff Sensor,All right,Kobuki,Left,Reading: 1570  Cliff: NO,Center,Reading: 1906  Cliff: NO,Right,Reading: 1622  Cliff: NO,0,mobile_base_nodelet_manager: Wheel Drop,All right,Kobuki,Left,NO,Right,NO,1,mobile_base_nodelet_manager: Motor Current,Is robot stalled? Motors current is very high,Kobuki,Left,2,Right,9,0,mobile_base_nodelet_manager: Motor State,Motors Enabled,Kobuki,State,1,0,mobile_base_nodelet_manager: Gyro Sensor,Heading: -5.63 degrees,Kobuki,0,mobile_base_nodelet_manager: Digital Input,[0, 0, 0, 0],Kobuki,0,mobile_base_nodelet_manager: Analog Input,[4067, 4068, 4054, 4060],Kobuki
1494527526825091972,68,1494527527312370203,,0,mobile_base_nodelet_manager: Battery,Healthy,Kobuki,Voltage (V),15.1,Percent,59.697,Charge (Ah),1.31333,Capacity (Ah),2.2,Source,None,Charging State,Not Charging,Current (A),0,0,mobile_base_nodelet_manager: Watchdog,Alive,Kobuki,0,mobile_base_nodelet_manager: Wall Sensor,All right,Kobuki,Left,NO,Center,NO,Right,NO,0,mobile_base_nodelet_manager: Cliff Sensor,All right,Kobuki,Left,Reading: 1594  Cliff: NO,Center,Reading: 1907  Cliff: NO,Right,Reading: 1627  Cliff: NO,0,mobile_base_nodelet_manager: Wheel Drop,All right,Kobuki,Left,NO,Right,NO,1,mobile_base_nodelet_manager: Motor Current,Is robot stalled? Motors current is very high,Kobuki,Left,4,Right,8,0,mobile_base_nodelet_manager: Motor State,Motors Enabled,Kobuki,State,1,0,mobile_base_nodelet_manager: Gyro Sensor,Heading: 44.70 degrees,Kobuki,0,mobile_base_nodelet_manager: Digital Input,[0, 0, 0, 0],Kobuki,0,mobile_base_nodelet_manager: Analog Input,[4061, 4075, 4069, 4084],Kobuki
1494527527925235358,69,1494527528412317242,,0,mobile_base_nodelet_manager: Battery,Healthy,Kobuki,Voltage (V),15,Percent,56.8182,Charge (Ah),1.25,Capacity (Ah),2.2,Source,None,Charging State,Not Charging,Current (A),0,0,mobile_base_nodelet_manager: Watchdog,Alive,Kobuki,0,mobile_base_nodelet_manager: Wall Sensor,All right,Kobuki,Left,NO,Center,NO,Right,NO,0,mobile_base_nodelet_manager: Cliff Sensor,All right,Kobuki,Left,Reading: 1553  Cliff: NO,Center,Reading: 1908  Cliff: NO,Right,Reading: 1648  Cliff: NO,0,mobile_base_nodelet_manager: Wheel Drop,All right,Kobuki,Left,NO,Right,NO,1,mobile_base_nodelet_manager: Motor Current,Is robot stalled? Motors current is very high,Kobuki,Left,11,Right,0,0,mobile_base_nodelet_manager: Motor State,Motors Enabled,Kobuki,State,1,0,mobile_base_nodelet_manager: Gyro Sensor,Heading: 45.01 degrees,Kobuki,0,mobile_base_nodelet_manager: Digital Input,[0, 0, 0, 0],Kobuki,0,mobile_base_nodelet_manager: Analog Input,[4067, 4076, 4075, 4087],Kobuki
1494527529025310060,70,1494527529512366754,,0,mobile_base_nodelet_manager: Battery,Healthy,Kobuki,Voltage (V),15.1,Percent,59.697,Charge (Ah),1.31333,Capacity (Ah),2.2,Source,None,Charging State,Not Charging,Current (A),0,0,mobile_base_nodelet_manager: Watchdog,Alive,Kobuki,0,mobile_base_nodelet_manager: Wall Sensor,All right,Kobuki,Left,NO,Center,NO,Right,NO,0,mobile_base_nodelet_manager: Cliff Sensor,All right,Kobuki,Left,Reading: 1560  Cliff: NO,Center,Reading: 1903  Cliff: NO,Right,Reading: 1626  Cliff: NO,0,mobile_base_nodelet_manager: Wheel Drop,All right,Kobuki,Left,NO,Right,NO,1,mobile_base_nodelet_manager: Motor Current,Is robot stalled? Motors current is very high,Kobuki,Left,11,Right,2,0,mobile_base_nodelet_manager: Motor State,Motors Enabled,Kobuki,State,1,0,mobile_base_nodelet_manager: Gyro Sensor,Heading: -85.72 degrees,Kobuki,0,mobile_base_nodelet_manager: Digital Input,[0, 0, 0, 0],Kobuki,0,mobile_base_nodelet_manager: Analog Input,[4070, 4075, 4065, 4064],Kobuki
1494527530126125719,71,1494527530612375324,,0,mobile_base_nodelet_manager: Battery,Healthy,Kobuki,Voltage (V),15.1,Percent,59.697,Charge (Ah),1.31333,Capacity (Ah),2.2,Source,None,Charging State,Not Charging,Current (A),0,0,mobile_base_nodelet_manager: Watchdog,Alive,Kobuki,0,mobile_base_nodelet_manager: Wall Sensor,All right,Kobuki,Left,NO,Center,NO,Right,NO,0,mobile_base_nodelet_manager: Cliff Sensor,All right,Kobuki,Left,Reading: 1579  Cliff: NO,Center,Reading: 1926  Cliff: NO,Right,Reading: 1600  Cliff: NO,0,mobile_base_nodelet_manager: Wheel Drop,All right,Kobuki,Left,NO,Right,NO,0,mobile_base_nodelet_manager: Motor Current,All right,Kobuki,Left,5,Right,2,0,mobile_base_nodelet_manager: Motor State,Motors Enabled,Kobuki,State,1,0,mobile_base_nodelet_manager: Gyro Sensor,Heading: 130.83 degrees,Kobuki,0,mobile_base_nodelet_manager: Digital Input,[0, 0, 0, 0],Kobuki,0,mobile_base_nodelet_manager: Analog Input,[4056, 4069, 4066, 4076],Kobuki
1494527531232774840,72,1494527531712374075,,0,mobile_base_nodelet_manager: Battery,Healthy,Kobuki,Voltage (V),15.1,Percent,59.697,Charge (Ah),1.31333,Capacity (Ah),2.2,Source,None,Charging State,Not Charging,Current (A),0,0,mobile_base_nodelet_manager: Watchdog,Alive,Kobuki,0,mobile_base_nodelet_manager: Wall Sensor,All right,Kobuki,Left,NO,Center,NO,Right,NO,0,mobile_base_nodelet_manager: Cliff Sensor,All right,Kobuki,Left,Reading: 1635  Cliff: NO,Center,Reading: 1908  Cliff: NO,Right,Reading: 1623  Cliff: NO,0,mobile_base_nodelet_manager: Wheel Drop,All right,Kobuki,Left,NO,Right,NO,1,mobile_base_nodelet_manager: Motor Current,Is robot stalled? Motors current is very high,Kobuki,Left,7,Right,3,0,mobile_base_nodelet_manager: Motor State,Motors Enabled,Kobuki,State,1,0,mobile_base_nodelet_manager: Gyro Sensor,Heading: -35.09 degrees,Kobuki,0,mobile_base_nodelet_manager: Digital Input,[0, 0, 0, 0],Kobuki,0,mobile_base_nodelet_manager: Analog Input,[4071, 4061, 4059, 4074],Kobuki
1494527532325091994,73,1494527532812365259,,0,mobile_base_nodelet_manager: Battery,Healthy,Kobuki,Voltage (V),15.1,Percent,59.697,Charge (Ah),1.31333,Capacity (Ah),2.2,Source,None,Charging State,Not Charging,Current (A),0,0,mobile_base_nodelet_manager: Watchdog,Alive,Kobuki,0,mobile_base_nodelet_manager: Wall Sensor,All right,Kobuki,Left,NO,Center,NO,Right,NO,0,mobile_base_nodelet_manager: Cliff Sensor,All right,Kobuki,Left,Reading: 1575  Cliff: NO,Center,Reading: 1916  Cliff: NO,Right,Reading: 1621  Cliff: NO,0,mobile_base_nodelet_manager: Wheel Drop,All right,Kobuki,Left,NO,Right,NO,0,mobile_base_nodelet_manager: Motor Current,All right,Kobuki,Left,3,Right,2,0,mobile_base_nodelet_manager: Motor State,Motors Enabled,Kobuki,State,1,0,mobile_base_nodelet_manager: Gyro Sensor,Heading: -153.91 degrees,Kobuki,0,mobile_base_nodelet_manager: Digital Input,[0, 0, 0, 0],Kobuki,0,mobile_base_nodelet_manager: Analog Input,[4073, 4068, 4068, 4076],Kobuki
1494527533430309090,74,1494527533912359249,,0,mobile_base_nodelet_manager: Battery,Healthy,Kobuki,Voltage (V),15.1,Percent,59.697,Charge (Ah),1.31333,Capacity (Ah),2.2,Source,None,Charging State,Not Charging,Current (A),0,0,mobile_base_nodelet_manager: Watchdog,Alive,Kobuki,0,mobile_base_nodelet_manager: Wall Sensor,All right,Kobuki,Left,NO,Center,NO,Right,NO,0,mobile_base_nodelet_manager: Cliff Sensor,All right,Kobuki,Left,Reading: 1580  Cliff: NO,Center,Reading: 1909  Cliff: NO,Right,Reading: 1596  Cliff: NO,0,mobile_base_nodelet_manager: Wheel Drop,All right,Kobuki,Left,NO,Right,NO,0,mobile_base_nodelet_manager: Motor Current,All right,Kobuki,Left,1,Right,1,0,mobile_base_nodelet_manager: Motor State,Motors Enabled,Kobuki,State,1,0,mobile_base_nodelet_manager: Gyro Sensor,Heading: 155.83 degrees,Kobuki,0,mobile_base_nodelet_manager: Digital Input,[0, 0, 0, 0],Kobuki,0,mobile_base_nodelet_manager: Analog Input,[4060, 4069, 4068, 4080],Kobuki
1494527534526527154,75,1494527535012820832,,0,mobile_base_nodelet_manager: Battery,Healthy,Kobuki,Voltage (V),15.1,Percent,59.697,Charge (Ah),1.31333,Capacity (Ah),2.2,Source,None,Charging State,Not Charging,Current (A),0,0,mobile_base_nodelet_manager: Watchdog,Alive,Kobuki,0,mobile_base_nodelet_manager: Wall Sensor,All right,Kobuki,Left,NO,Center,NO,Right,NO,0,mobile_base_nodelet_manager: Cliff Sensor,All right,Kobuki,Left,Reading: 1577  Cliff: NO,Center,Reading: 1903  Cliff: NO,Right,Reading: 1601  Cliff: NO,0,mobile_base_nodelet_manager: Wheel Drop,All right,Kobuki,Left,NO,Right,NO,0,mobile_base_nodelet_manager: Motor Current,All right,Kobuki,Left,0,Right,0,0,mobile_base_nodelet_manager: Motor State,Motors Enabled,Kobuki,State,1,0,mobile_base_nodelet_manager: Gyro Sensor,Heading: 145.96 degrees,Kobuki,0,mobile_base_nodelet_manager: Digital Input,[0, 0, 0, 0],Kobuki,0,mobile_base_nodelet_manager: Analog Input,[4070, 4068, 4060, 4071],Kobuki
1494527535629091460,76,1494527536112856186,,0,mobile_base_nodelet_manager: Battery,Healthy,Kobuki,Voltage (V),15.1,Percent,59.697,Charge (Ah),1.31333,Capacity (Ah),2.2,Source,None,Charging State,Not Charging,Current (A),0,0,mobile_base_nodelet_manager: Watchdog,Alive,Kobuki,0,mobile_base_nodelet_manager: Wall Sensor,All right,Kobuki,Left,NO,Center,NO,Right,NO,0,mobile_base_nodelet_manager: Cliff Sensor,All right,Kobuki,Left,Reading: 1575  Cliff: NO,Center,Reading: 1905  Cliff: NO,Right,Reading: 1599  Cliff: NO,0,mobile_base_nodelet_manager: Wheel Drop,All right,Kobuki,Left,NO,Right,NO,0,mobile_base_nodelet_manager: Motor Current,All right,Kobuki,Left,0,Right,0,0,mobile_base_nodelet_manager: Motor State,Motors Enabled,Kobuki,State,1,0,mobile_base_nodelet_manager: Gyro Sensor,Heading: 145.99 degrees,Kobuki,0,mobile_base_nodelet_manager: Digital Input,[0, 0, 0, 0],Kobuki,0,mobile_base_nodelet_manager: Analog Input,[4076, 4070, 4060, 4072],Kobuki
1494527536726540195,77,1494527537212467018,,0,mobile_base_nodelet_manager: Battery,Healthy,Kobuki,Voltage (V),15.1,Percent,59.697,Charge (Ah),1.31333,Capacity (Ah),2.2,Source,None,Charging State,Not Charging,Current (A),0,0,mobile_base_nodelet_manager: Watchdog,Alive,Kobuki,0,mobile_base_nodelet_manager: Wall Sensor,All right,Kobuki,Left,NO,Center,NO,Right,NO,0,mobile_base_nodelet_manager: Cliff Sensor,All right,Kobuki,Left,Reading: 1576  Cliff: NO,Center,Reading: 1905  Cliff: NO,Right,Reading: 1600  Cliff: NO,0,mobile_base_nodelet_manager: Wheel Drop,All right,Kobuki,Left,NO,Right,NO,0,mobile_base_nodelet_manager: Motor Current,All right,Kobuki,Left,0,Right,0,0,mobile_base_nodelet_manager: Motor State,Motors Enabled,Kobuki,State,1,0,mobile_base_nodelet_manager: Gyro Sensor,Heading: 145.99 degrees,Kobuki,0,mobile_base_nodelet_manager: Digital Input,[0, 0, 0, 0],Kobuki,0,mobile_base_nodelet_manager: Analog Input,[4060, 4068, 4067, 4079],Kobuki
1494527537825297257,78,1494527538312311029,,0,mobile_base_nodelet_manager: Battery,Healthy,Kobuki,Voltage (V),15.1,Percent,59.697,Charge (Ah),1.31333,Capacity (Ah),2.2,Source,None,Charging State,Not Charging,Current (A),0,0,mobile_base_nodelet_manager: Watchdog,Alive,Kobuki,0,mobile_base_nodelet_manager: Wall Sensor,All right,Kobuki,Left,NO,Center,NO,Right,NO,0,mobile_base_nodelet_manager: Cliff Sensor,All right,Kobuki,Left,Reading: 1576  Cliff: NO,Center,Reading: 1905  Cliff: NO,Right,Reading: 1599  Cliff: NO,0,mobile_base_nodelet_manager: Wheel Drop,All right,Kobuki,Left,NO,Right,NO,0,mobile_base_nodelet_manager: Motor Current,All right,Kobuki,Left,0,Right,0,0,mobile_base_nodelet_manager: Motor State,Motors Enabled,Kobuki,State,1,0,mobile_base_nodelet_manager: Gyro Sensor,Heading: 145.99 degrees,Kobuki,0,mobile_base_nodelet_manager: Digital Input,[0, 0, 0, 0],Kobuki,0,mobile_base_nodelet_manager: Analog Input,[4078, 4065, 4069, 4076],Kobuki
