%time,field.header.seq,field.header.stamp,field.header.frame_id,field.status0.level,field.status0.name,field.status0.message,field.status0.hardware_id,field.status0.values0.key,field.status0.values0.value,field.status0.values1.key,field.status0.values1.value,field.status1.level,field.status1.name,field.status1.message,field.status1.hardware_id,field.status2.level,field.status2.name,field.status2.message,field.status2.hardware_id,field.status3.level,field.status3.name,field.status3.message,field.status3.hardware_id,field.status3.values0.key,field.status3.values0.value,field.status3.values1.key,field.status3.values1.value,field.status4.level,field.status4.name,field.status4.message,field.status4.hardware_id,field.status4.values0.key,field.status4.values0.value,field.status5.level,field.status5.name,field.status5.message,field.status5.hardware_id,field.status6.level,field.status6.name,field.status6.message,field.status6.hardware_id,field.status6.values0.key,field.status6.values0.value,field.status7.level,field.status7.name,field.status7.message,field.status7.hardware_id,field.status7.values0.key,field.status7.values0.value,field.status7.values1.key,field.status7.values1.value,field.status7.values2.key,field.status7.values2.value,field.status7.values3.key,field.status7.values3.value,field.status7.values4.key,field.status7.values4.value,field.status7.values5.key,field.status7.values5.value,field.status7.values6.key,field.status7.values6.value,field.status8.level,field.status8.name,field.status8.message,field.status8.hardware_id,field.status8.values0.key,field.status8.values0.value,field.status8.values1.key,field.status8.values1.value,field.status8.values2.key,field.status8.values2.value,field.status8.values3.key,field.status8.values3.value,field.status8.values4.key,field.status8.values4.value,field.status9.level,field.status9.name,field.status9.message,field.status9.hardware_id,field.status9.values0.key,field.status9.values0.value,field.status9.values1.key,field.status9.values1.value,field.status9.values2.key,field.status9.values2.value,field.status10.level,field.status10.name,field.status10.message,field.status10.hardware_id,field.status11.level,field.status11.name,field.status11.message,field.status11.hardware_id,field.status11.values0.key,field.status11.values0.value,field.status11.values1.key,field.status11.values1.value,field.status12.level,field.status12.name,field.status12.message,field.status12.hardware_id,field.status12.values0.key,field.status12.values0.value,field.status12.values1.key,field.status12.values1.value,field.status12.values2.key,field.status12.values2.value,field.status13.level,field.status13.name,field.status13.message,field.status13.hardware_id,field.status13.values0.key,field.status13.values0.value,field.status13.values1.key,field.status13.values1.value
1494450136094186121,12,1494450136144118054,,0,/Input Ports,OK,,mobile_base_nodelet_manager: Analog Input,[4073, 4066, 4066, 4058],mobile_base_nodelet_manager: Digital Input,[0, 0, 0, 0],0,/Input Ports/Analog Input,[4073, 4066, 4066, 4058],Kobuki,0,/Input Ports/Digital Input,[0, 0, 0, 0],Kobuki,0,/Kobuki,OK,,mobile_base_nodelet_manager: Motor State,Motors Enabled,mobile_base_nodelet_manager: Watchdog,Alive,0,/Kobuki/Motor State,Motors Enabled,Kobuki,State,1,0,/Kobuki/Watchdog,Alive,Kobuki,0,/Power System,OK,,mobile_base_nodelet_manager: Battery,Healthy,0,/Power System/Battery,Healthy,Kobuki,Voltage (V),15.6,Percent,74.0909,Charge (Ah),1.63,Capacity (Ah),2.2,Source,None,Charging State,Not Charging,Current (A),0,0,/Sensors,OK,,mobile_base_nodelet_manager: Cliff Sensor,All right,mobile_base_nodelet_manager: Gyro Sensor,Heading: 30.41 degrees,mobile_base_nodelet_manager: Motor Current,All right,mobile_base_nodelet_manager: Wall Sensor,All right,mobile_base_nodelet_manager: Wheel Drop,All right,0,/Sensors/Cliff Sensor,All right,Kobuki,Left,Reading: 1558  Cliff: NO,Center,Reading: 1904  Cliff: NO,Right,Reading: 1625  Cliff: NO,0,/Sensors/Gyro Sensor,Heading: 30.41 degrees,Kobuki,0,/Sensors/Motor Current,All right,Kobuki,Left,3,Right,3,0,/Sensors/Wall Sensor,All right,Kobuki,Left,NO,Center,NO,Right,NO,0,/Sensors/Wheel Drop,All right,Kobuki,Left,NO,Right,NO
1494450137087867609,13,1494450137143356596,,0,/Input Ports,OK,,mobile_base_nodelet_manager: Analog Input,[4075, 4084, 4063, 4061],mobile_base_nodelet_manager: Digital Input,[0, 0, 0, 0],0,/Input Ports/Analog Input,[4075, 4084, 4063, 4061],Kobuki,0,/Input Ports/Digital Input,[0, 0, 0, 0],Kobuki,0,/Kobuki,OK,,mobile_base_nodelet_manager: Motor State,Motors Enabled,mobile_base_nodelet_manager: Watchdog,Alive,0,/Kobuki/Motor State,Motors Enabled,Kobuki,State,1,0,/Kobuki/Watchdog,Alive,Kobuki,0,/Power System,OK,,mobile_base_nodelet_manager: Battery,Healthy,0,/Power System/Battery,Healthy,Kobuki,Voltage (V),15.6,Percent,74.0909,Charge (Ah),1.63,Capacity (Ah),2.2,Source,None,Charging State,Not Charging,Current (A),0,0,/Sensors,OK,,mobile_base_nodelet_manager: Cliff Sensor,All right,mobile_base_nodelet_manager: Gyro Sensor,Heading: 30.07 degrees,mobile_base_nodelet_manager: Motor Current,All right,mobile_base_nodelet_manager: Wall Sensor,All right,mobile_base_nodelet_manager: Wheel Drop,All right,0,/Sensors/Cliff Sensor,All right,Kobuki,Left,Reading: 1553  Cliff: NO,Center,Reading: 1923  Cliff: NO,Right,Reading: 1623  Cliff: NO,0,/Sensors/Gyro Sensor,Heading: 30.07 degrees,Kobuki,0,/Sensors/Motor Current,All right,Kobuki,Left,2,Right,2,0,/Sensors/Wall Sensor,All right,Kobuki,Left,NO,Center,NO,Right,NO,0,/Sensors/Wheel Drop,All right,Kobuki,Left,NO,Right,NO
1494450138099316370,14,1494450138143214636,,0,/Input Ports,OK,,mobile_base_nodelet_manager: Analog Input,[4071, 4079, 4079, 4083],mobile_base_nodelet_manager: Digital Input,[0, 0, 0, 0],0,/Input Ports/Analog Input,[4071, 4079, 4079, 4083],Kobuki,0,/Input Ports/Digital Input,[0, 0, 0, 0],Kobuki,0,/Kobuki,OK,,mobile_base_nodelet_manager: Motor State,Motors Enabled,mobile_base_nodelet_manager: Watchdog,Alive,0,/Kobuki/Motor State,Motors Enabled,Kobuki,State,1,0,/Kobuki/Watchdog,Alive,Kobuki,0,/Power System,OK,,mobile_base_nodelet_manager: Battery,Healthy,0,/Power System/Battery,Healthy,Kobuki,Voltage (V),15.6,Percent,74.0909,Charge (Ah),1.63,Capacity (Ah),2.2,Source,None,Charging State,Not Charging,Current (A),0,0,/Sensors,OK,,mobile_base_nodelet_manager: Cliff Sensor,All right,mobile_base_nodelet_manager: Gyro Sensor,Heading: 29.77 degrees,mobile_base_nodelet_manager: Motor Current,All right,mobile_base_nodelet_manager: Wall Sensor,All right,mobile_base_nodelet_manager: Wheel Drop,All right,0,/Sensors/Cliff Sensor,All right,Kobuki,Left,Reading: 1574  Cliff: NO,Center,Reading: 1927  Cliff: NO,Right,Reading: 1625  Cliff: NO,0,/Sensors/Gyro Sensor,Heading: 29.77 degrees,Kobuki,0,/Sensors/Motor Current,All right,Kobuki,Left,3,Right,2,0,/Sensors/Wall Sensor,All right,Kobuki,Left,NO,Center,NO,Right,NO,0,/Sensors/Wheel Drop,All right,Kobuki,Left,NO,Right,NO
1494450139086586995,15,1494450139142714349,,0,/Input Ports,OK,,mobile_base_nodelet_manager: Analog Input,[4073, 4077, 4067, 4075],mobile_base_nodelet_manager: Digital Input,[0, 0, 0, 0],0,/Input Ports/Analog Input,[4073, 4077, 4067, 4075],Kobuki,0,/Input Ports/Digital Input,[0, 0, 0, 0],Kobuki,0,/Kobuki,OK,,mobile_base_nodelet_manager: Motor State,Motors Enabled,mobile_base_nodelet_manager: Watchdog,Alive,0,/Kobuki/Motor State,Motors Enabled,Kobuki,State,1,0,/Kobuki/Watchdog,Alive,Kobuki,0,/Power System,OK,,mobile_base_nodelet_manager: Battery,Healthy,0,/Power System/Battery,Healthy,Kobuki,Voltage (V),15.6,Percent,74.0909,Charge (Ah),1.63,Capacity (Ah),2.2,Source,None,Charging State,Not Charging,Current (A),0,0,/Sensors,OK,,mobile_base_nodelet_manager: Cliff Sensor,All right,mobile_base_nodelet_manager: Gyro Sensor,Heading: 29.29 degrees,mobile_base_nodelet_manager: Motor Current,All right,mobile_base_nodelet_manager: Wall Sensor,All right,mobile_base_nodelet_manager: Wheel Drop,All right,0,/Sensors/Cliff Sensor,All right,Kobuki,Left,Reading: 1555  Cliff: NO,Center,Reading: 1885  Cliff: NO,Right,Reading: 1598  Cliff: NO,0,/Sensors/Gyro Sensor,Heading: 29.29 degrees,Kobuki,0,/Sensors/Motor Current,All right,Kobuki,Left,4,Right,4,0,/Sensors/Wall Sensor,All right,Kobuki,Left,NO,Center,NO,Right,NO,0,/Sensors/Wheel Drop,All right,Kobuki,Left,NO,Right,NO
1494450140086626986,16,1494450140142633355,,0,/Input Ports,OK,,mobile_base_nodelet_manager: Analog Input,[4067, 4074, 4074, 4090],mobile_base_nodelet_manager: Digital Input,[0, 0, 0, 0],0,/Input Ports/Analog Input,[4067, 4074, 4074, 4090],Kobuki,0,/Input Ports/Digital Input,[0, 0, 0, 0],Kobuki,0,/Kobuki,OK,,mobile_base_nodelet_manager: Motor State,Motors Enabled,mobile_base_nodelet_manager: Watchdog,Alive,0,/Kobuki/Motor State,Motors Enabled,Kobuki,State,1,0,/Kobuki/Watchdog,Alive,Kobuki,0,/Power System,OK,,mobile_base_nodelet_manager: Battery,Healthy,0,/Power System/Battery,Healthy,Kobuki,Voltage (V),15.6,Percent,74.0909,Charge (Ah),1.63,Capacity (Ah),2.2,Source,None,Charging State,Not Charging,Current (A),0,0,/Sensors,OK,,mobile_base_nodelet_manager: Cliff Sensor,All right,mobile_base_nodelet_manager: Gyro Sensor,Heading: 28.82 degrees,mobile_base_nodelet_manager: Motor Current,All right,mobile_base_nodelet_manager: Wall Sensor,All right,mobile_base_nodelet_manager: Wheel Drop,All right,0,/Sensors/Cliff Sensor,All right,Kobuki,Left,Reading: 1528  Cliff: NO,Center,Reading: 1907  Cliff: NO,Right,Reading: 1623  Cliff: NO,0,/Sensors/Gyro Sensor,Heading: 28.82 degrees,Kobuki,0,/Sensors/Motor Current,All right,Kobuki,Left,2,Right,4,0,/Sensors/Wall Sensor,All right,Kobuki,Left,NO,Center,NO,Right,NO,0,/Sensors/Wheel Drop,All right,Kobuki,Left,NO,Right,NO
1494450141088513655,17,1494450141143718562,,0,/Input Ports,OK,,mobile_base_nodelet_manager: Analog Input,[4075, 4076, 4075, 4089],mobile_base_nodelet_manager: Digital Input,[0, 0, 0, 0],0,/Input Ports/Analog Input,[4075, 4076, 4075, 4089],Kobuki,0,/Input Ports/Digital Input,[0, 0, 0, 0],Kobuki,0,/Kobuki,OK,,mobile_base_nodelet_manager: Motor State,Motors Enabled,mobile_base_nodelet_manager: Watchdog,Alive,0,/Kobuki/Motor State,Motors Enabled,Kobuki,State,1,0,/Kobuki/Watchdog,Alive,Kobuki,0,/Power System,OK,,mobile_base_nodelet_manager: Battery,Healthy,0,/Power System/Battery,Healthy,Kobuki,Voltage (V),15.6,Percent,74.0909,Charge (Ah),1.63,Capacity (Ah),2.2,Source,None,Charging State,Not Charging,Current (A),0,0,/Sensors,OK,,mobile_base_nodelet_manager: Cliff Sensor,All right,mobile_base_nodelet_manager: Gyro Sensor,Heading: 28.64 degrees,mobile_base_nodelet_manager: Motor Current,All right,mobile_base_nodelet_manager: Wall Sensor,All right,mobile_base_nodelet_manager: Wheel Drop,All right,0,/Sensors/Cliff Sensor,All right,Kobuki,Left,Reading: 1551  Cliff: NO,Center,Reading: 1905  Cliff: NO,Right,Reading: 1628  Cliff: NO,0,/Sensors/Gyro Sensor,Heading: 28.64 degrees,Kobuki,0,/Sensors/Motor Current,All right,Kobuki,Left,2,Right,3,0,/Sensors/Wall Sensor,All right,Kobuki,Left,NO,Center,NO,Right,NO,0,/Sensors/Wheel Drop,All right,Kobuki,Left,NO,Right,NO
1494450142086109361,18,1494450142142411503,,0,/Input Ports,OK,,mobile_base_nodelet_manager: Analog Input,[4075, 4076, 4075, 4089],mobile_base_nodelet_manager: Digital Input,[0, 0, 0, 0],0,/Input Ports/Analog Input,[4075, 4076, 4075, 4089],Kobuki,0,/Input Ports/Digital Input,[0, 0, 0, 0],Kobuki,0,/Kobuki,OK,,mobile_base_nodelet_manager: Motor State,Motors Enabled,mobile_base_nodelet_manager: Watchdog,Alive,0,/Kobuki/Motor State,Motors Enabled,Kobuki,State,1,0,/Kobuki/Watchdog,Alive,Kobuki,0,/Power System,OK,,mobile_base_nodelet_manager: Battery,Healthy,0,/Power System/Battery,Healthy,Kobuki,Voltage (V),15.6,Percent,74.0909,Charge (Ah),1.63,Capacity (Ah),2.2,Source,None,Charging State,Not Charging,Current (A),0,0,/Sensors,OK,,mobile_base_nodelet_manager: Cliff Sensor,All right,mobile_base_nodelet_manager: Gyro Sensor,Heading: 28.64 degrees,mobile_base_nodelet_manager: Motor Current,All right,mobile_base_nodelet_manager: Wall Sensor,All right,mobile_base_nodelet_manager: Wheel Drop,All right,0,/Sensors/Cliff Sensor,All right,Kobuki,Left,Reading: 1551  Cliff: NO,Center,Reading: 1905  Cliff: NO,Right,Reading: 1628  Cliff: NO,0,/Sensors/Gyro Sensor,Heading: 28.64 degrees,Kobuki,0,/Sensors/Motor Current,All right,Kobuki,Left,2,Right,3,0,/Sensors/Wall Sensor,All right,Kobuki,Left,NO,Center,NO,Right,NO,0,/Sensors/Wheel Drop,All right,Kobuki,Left,NO,Right,NO
1494450143086608566,19,1494450143142917182,,0,/Input Ports,OK,,mobile_base_nodelet_manager: Analog Input,[4080, 4072, 4076, 4084],mobile_base_nodelet_manager: Digital Input,[0, 0, 0, 0],0,/Input Ports/Analog Input,[4080, 4072, 4076, 4084],Kobuki,0,/Input Ports/Digital Input,[0, 0, 0, 0],Kobuki,0,/Kobuki,OK,,mobile_base_nodelet_manager: Motor State,Motors Enabled,mobile_base_nodelet_manager: Watchdog,Alive,0,/Kobuki/Motor State,Motors Enabled,Kobuki,State,1,0,/Kobuki/Watchdog,Alive,Kobuki,0,/Power System,OK,,mobile_base_nodelet_manager: Battery,Healthy,0,/Power System/Battery,Healthy,Kobuki,Voltage (V),15.6,Percent,74.0909,Charge (Ah),1.63,Capacity (Ah),2.2,Source,None,Charging State,Not Charging,Current (A),0,0,/Sensors,OK,,mobile_base_nodelet_manager: Cliff Sensor,All right,mobile_base_nodelet_manager: Gyro Sensor,Heading: 28.56 degrees,mobile_base_nodelet_manager: Motor Current,All right,mobile_base_nodelet_manager: Wall Sensor,All right,mobile_base_nodelet_manager: Wheel Drop,All right,0,/Sensors/Cliff Sensor,All right,Kobuki,Left,Reading: 1562  Cliff: NO,Center,Reading: 1907  Cliff: NO,Right,Reading: 1622  Cliff: NO,0,/Sensors/Gyro Sensor,Heading: 28.56 degrees,Kobuki,0,/Sensors/Motor Current,All right,Kobuki,Left,2,Right,2,0,/Sensors/Wall Sensor,All right,Kobuki,Left,NO,Center,NO,Right,NO,0,/Sensors/Wheel Drop,All right,Kobuki,Left,NO,Right,NO
1494450144086024750,20,1494450144142557956,,0,/Input Ports,OK,,mobile_base_nodelet_manager: Analog Input,[4071, 4080, 4069, 4071],mobile_base_nodelet_manager: Digital Input,[0, 0, 0, 0],0,/Input Ports/Analog Input,[4071, 4080, 4069, 4071],Kobuki,0,/Input Ports/Digital Input,[0, 0, 0, 0],Kobuki,0,/Kobuki,OK,,mobile_base_nodelet_manager: Motor State,Motors Enabled,mobile_base_nodelet_manager: Watchdog,Alive,0,/Kobuki/Motor State,Motors Enabled,Kobuki,State,1,0,/Kobuki/Watchdog,Alive,Kobuki,0,/Power System,OK,,mobile_base_nodelet_manager: Battery,Healthy,0,/Power System/Battery,Healthy,Kobuki,Voltage (V),15.6,Percent,74.0909,Charge (Ah),1.63,Capacity (Ah),2.2,Source,None,Charging State,Not Charging,Current (A),0,0,/Sensors,OK,,mobile_base_nodelet_manager: Cliff Sensor,All right,mobile_base_nodelet_manager: Gyro Sensor,Heading: 28.59 degrees,mobile_base_nodelet_manager: Motor Current,All right,mobile_base_nodelet_manager: Wall Sensor,All right,mobile_base_nodelet_manager: Wheel Drop,All right,0,/Sensors/Cliff Sensor,All right,Kobuki,Left,Reading: 1551  Cliff: NO,Center,Reading: 1904  Cliff: NO,Right,Reading: 1620  Cliff: NO,0,/Sensors/Gyro Sensor,Heading: 28.59 degrees,Kobuki,0,/Sensors/Motor Current,All right,Kobuki,Left,3,Right,3,0,/Sensors/Wall Sensor,All right,Kobuki,Left,NO,Center,NO,Right,NO,0,/Sensors/Wheel Drop,All right,Kobuki,Left,NO,Right,NO
1494450145086130851,21,1494450145142520772,,0,/Input Ports,OK,,mobile_base_nodelet_manager: Analog Input,[4065, 4073, 4076, 4088],mobile_base_nodelet_manager: Digital Input,[0, 0, 0, 0],0,/Input Ports/Analog Input,[4065, 4073, 4076, 4088],Kobuki,0,/Input Ports/Digital Input,[0, 0, 0, 0],Kobuki,0,/Kobuki,OK,,mobile_base_nodelet_manager: Motor State,Motors Enabled,mobile_base_nodelet_manager: Watchdog,Alive,0,/Kobuki/Motor State,Motors Enabled,Kobuki,State,1,0,/Kobuki/Watchdog,Alive,Kobuki,0,/Power System,OK,,mobile_base_nodelet_manager: Battery,Healthy,0,/Power System/Battery,Healthy,Kobuki,Voltage (V),15.6,Percent,74.0909,Charge (Ah),1.63,Capacity (Ah),2.2,Source,None,Charging State,Not Charging,Current (A),0,0,/Sensors,OK,,mobile_base_nodelet_manager: Cliff Sensor,All right,mobile_base_nodelet_manager: Gyro Sensor,Heading: 28.57 degrees,mobile_base_nodelet_manager: Motor Current,All right,mobile_base_nodelet_manager: Wall Sensor,All right,mobile_base_nodelet_manager: Wheel Drop,All right,0,/Sensors/Cliff Sensor,All right,Kobuki,Left,Reading: 1559  Cliff: NO,Center,Reading: 1903  Cliff: NO,Right,Reading: 1622  Cliff: NO,0,/Sensors/Gyro Sensor,Heading: 28.57 degrees,Kobuki,0,/Sensors/Motor Current,All right,Kobuki,Left,1,Right,1,0,/Sensors/Wall Sensor,All right,Kobuki,Left,NO,Center,NO,Right,NO,0,/Sensors/Wheel Drop,All right,Kobuki,Left,NO,Right,NO
1494450146087237603,22,1494450146143244794,,0,/Input Ports,OK,,mobile_base_nodelet_manager: Analog Input,[4075, 4073, 4063, 4075],mobile_base_nodelet_manager: Digital Input,[0, 0, 0, 0],0,/Input Ports/Analog Input,[4075, 4073, 4063, 4075],Kobuki,0,/Input Ports/Digital Input,[0, 0, 0, 0],Kobuki,0,/Kobuki,OK,,mobile_base_nodelet_manager: Motor State,Motors Enabled,mobile_base_nodelet_manager: Watchdog,Alive,0,/Kobuki/Motor State,Motors Enabled,Kobuki,State,1,0,/Kobuki/Watchdog,Alive,Kobuki,0,/Power System,OK,,mobile_base_nodelet_manager: Battery,Healthy,0,/Power System/Battery,Healthy,Kobuki,Voltage (V),15.6,Percent,74.0909,Charge (Ah),1.63,Capacity (Ah),2.2,Source,None,Charging State,Not Charging,Current (A),0,0,/Sensors,OK,,mobile_base_nodelet_manager: Cliff Sensor,All right,mobile_base_nodelet_manager: Gyro Sensor,Heading: 26.94 degrees,mobile_base_nodelet_manager: Motor Current,All right,mobile_base_nodelet_manager: Wall Sensor,All right,mobile_base_nodelet_manager: Wheel Drop,All right,0,/Sensors/Cliff Sensor,All right,Kobuki,Left,Reading: 1557  Cliff: NO,Center,Reading: 1905  Cliff: NO,Right,Reading: 1623  Cliff: NO,0,/Sensors/Gyro Sensor,Heading: 26.94 degrees,Kobuki,0,/Sensors/Motor Current,All right,Kobuki,Left,0,Right,0,0,/Sensors/Wall Sensor,All right,Kobuki,Left,NO,Center,NO,Right,NO,0,/Sensors/Wheel Drop,All right,Kobuki,Left,NO,Right,NO
1494450147087268693,23,1494450147142485916,,0,/Input Ports,OK,,mobile_base_nodelet_manager: Analog Input,[4067, 4074, 4074, 4084],mobile_base_nodelet_manager: Digital Input,[0, 0, 0, 0],0,/Input Ports/Analog Input,[4067, 4074, 4074, 4084],Kobuki,0,/Input Ports/Digital Input,[0, 0, 0, 0],Kobuki,0,/Kobuki,OK,,mobile_base_nodelet_manager: Motor State,Motors Enabled,mobile_base_nodelet_manager: Watchdog,Alive,0,/Kobuki/Motor State,Motors Enabled,Kobuki,State,1,0,/Kobuki/Watchdog,Alive,Kobuki,0,/Power System,OK,,mobile_base_nodelet_manager: Battery,Healthy,0,/Power System/Battery,Healthy,Kobuki,Voltage (V),15.6,Percent,74.0909,Charge (Ah),1.63,Capacity (Ah),2.2,Source,None,Charging State,Not Charging,Current (A),0,0,/Sensors,OK,,mobile_base_nodelet_manager: Cliff Sensor,All right,mobile_base_nodelet_manager: Gyro Sensor,Heading: 21.81 degrees,mobile_base_nodelet_manager: Motor Current,All right,mobile_base_nodelet_manager: Wall Sensor,All right,mobile_base_nodelet_manager: Wheel Drop,All right,0,/Sensors/Cliff Sensor,All right,Kobuki,Left,Reading: 1554  Cliff: NO,Center,Reading: 1907  Cliff: NO,Right,Reading: 1646  Cliff: NO,0,/Sensors/Gyro Sensor,Heading: 21.81 degrees,Kobuki,0,/Sensors/Motor Current,All right,Kobuki,Left,1,Right,2,0,/Sensors/Wall Sensor,All right,Kobuki,Left,NO,Center,NO,Right,NO,0,/Sensors/Wheel Drop,All right,Kobuki,Left,NO,Right,NO
1494450148086294479,24,1494450148142538077,,0,/Input Ports,OK,,mobile_base_nodelet_manager: Analog Input,[4071, 4075, 4077, 4066],mobile_base_nodelet_manager: Digital Input,[0, 0, 0, 0],0,/Input Ports/Analog Input,[4071, 4075, 4077, 4066],Kobuki,0,/Input Ports/Digital Input,[0, 0, 0, 0],Kobuki,0,/Kobuki,OK,,mobile_base_nodelet_manager: Motor State,Motors Enabled,mobile_base_nodelet_manager: Watchdog,Alive,0,/Kobuki/Motor State,Motors Enabled,Kobuki,State,1,0,/Kobuki/Watchdog,Alive,Kobuki,0,/Power System,OK,,mobile_base_nodelet_manager: Battery,Healthy,0,/Power System/Battery,Healthy,Kobuki,Voltage (V),15.6,Percent,74.0909,Charge (Ah),1.63,Capacity (Ah),2.2,Source,None,Charging State,Not Charging,Current (A),0,0,/Sensors,OK,,mobile_base_nodelet_manager: Cliff Sensor,All right,mobile_base_nodelet_manager: Gyro Sensor,Heading: -11.92 degrees,mobile_base_nodelet_manager: Motor Current,All right,mobile_base_nodelet_manager: Wall Sensor,All right,mobile_base_nodelet_manager: Wheel Drop,All right,0,/Sensors/Cliff Sensor,All right,Kobuki,Left,Reading: 1558  Cliff: NO,Center,Reading: 1906  Cliff: NO,Right,Reading: 1625  Cliff: NO,0,/Sensors/Gyro Sensor,Heading: -11.92 degrees,Kobuki,0,/Sensors/Motor Current,All right,Kobuki,Left,1,Right,2,0,/Sensors/Wall Sensor,All right,Kobuki,Left,NO,Center,NO,Right,NO,0,/Sensors/Wheel Drop,All right,Kobuki,Left,NO,Right,NO
1494450149090444012,25,1494450149143116028,,0,/Input Ports,OK,,mobile_base_nodelet_manager: Analog Input,[4073, 4079, 4075, 4061],mobile_base_nodelet_manager: Digital Input,[0, 0, 0, 0],0,/Input Ports/Analog Input,[4073, 4079, 4075, 4061],Kobuki,0,/Input Ports/Digital Input,[0, 0, 0, 0],Kobuki,0,/Kobuki,OK,,mobile_base_nodelet_manager: Motor State,Motors Enabled,mobile_base_nodelet_manager: Watchdog,Alive,0,/Kobuki/Motor State,Motors Enabled,Kobuki,State,1,0,/Kobuki/Watchdog,Alive,Kobuki,0,/Power System,OK,,mobile_base_nodelet_manager: Battery,Healthy,0,/Power System/Battery,Healthy,Kobuki,Voltage (V),15.6,Percent,74.0909,Charge (Ah),1.63,Capacity (Ah),2.2,Source,None,Charging State,Not Charging,Current (A),0,0,/Sensors,OK,,mobile_base_nodelet_manager: Cliff Sensor,All right,mobile_base_nodelet_manager: Gyro Sensor,Heading: -49.45 degrees,mobile_base_nodelet_manager: Motor Current,All right,mobile_base_nodelet_manager: Wall Sensor,All right,mobile_base_nodelet_manager: Wheel Drop,All right,0,/Sensors/Cliff Sensor,All right,Kobuki,Left,Reading: 1555  Cliff: NO,Center,Reading: 1906  Cliff: NO,Right,Reading: 1621  Cliff: NO,0,/Sensors/Gyro Sensor,Heading: -49.45 degrees,Kobuki,0,/Sensors/Motor Current,All right,Kobuki,Left,1,Right,2,0,/Sensors/Wall Sensor,All right,Kobuki,Left,NO,Center,NO,Right,NO,0,/Sensors/Wheel Drop,All right,Kobuki,Left,NO,Right,NO
1494450150085812590,26,1494450150142489953,,0,/Input Ports,OK,,mobile_base_nodelet_manager: Analog Input,[4063, 4073, 4071, 4083],mobile_base_nodelet_manager: Digital Input,[0, 0, 0, 0],0,/Input Ports/Analog Input,[4063, 4073, 4071, 4083],Kobuki,0,/Input Ports/Digital Input,[0, 0, 0, 0],Kobuki,0,/Kobuki,OK,,mobile_base_nodelet_manager: Motor State,Motors Enabled,mobile_base_nodelet_manager: Watchdog,Alive,0,/Kobuki/Motor State,Motors Enabled,Kobuki,State,1,0,/Kobuki/Watchdog,Alive,Kobuki,0,/Power System,OK,,mobile_base_nodelet_manager: Battery,Healthy,0,/Power System/Battery,Healthy,Kobuki,Voltage (V),15.6,Percent,74.0909,Charge (Ah),1.63,Capacity (Ah),2.2,Source,None,Charging State,Not Charging,Current (A),0,0,/Sensors,OK,,mobile_base_nodelet_manager: Cliff Sensor,All right,mobile_base_nodelet_manager: Gyro Sensor,Heading: -58.47 degrees,mobile_base_nodelet_manager: Motor Current,All right,mobile_base_nodelet_manager: Wall Sensor,All right,mobile_base_nodelet_manager: Wheel Drop,All right,0,/Sensors/Cliff Sensor,All right,Kobuki,Left,Reading: 1552  Cliff: NO,Center,Reading: 1904  Cliff: NO,Right,Reading: 1645  Cliff: NO,0,/Sensors/Gyro Sensor,Heading: -58.47 degrees,Kobuki,0,/Sensors/Motor Current,All right,Kobuki,Left,1,Right,1,0,/Sensors/Wall Sensor,All right,Kobuki,Left,NO,Center,NO,Right,NO,0,/Sensors/Wheel Drop,All right,Kobuki,Left,NO,Right,NO
1494450151086481341,27,1494450151142657832,,0,/Input Ports,OK,,mobile_base_nodelet_manager: Analog Input,[4063, 4075, 4080, 4083],mobile_base_nodelet_manager: Digital Input,[0, 0, 0, 0],0,/Input Ports/Analog Input,[4063, 4075, 4080, 4083],Kobuki,0,/Input Ports/Digital Input,[0, 0, 0, 0],Kobuki,0,/Kobuki,OK,,mobile_base_nodelet_manager: Motor State,Motors Enabled,mobile_base_nodelet_manager: Watchdog,Alive,0,/Kobuki/Motor State,Motors Enabled,Kobuki,State,1,0,/Kobuki/Watchdog,Alive,Kobuki,0,/Power System,OK,,mobile_base_nodelet_manager: Battery,Healthy,0,/Power System/Battery,Healthy,Kobuki,Voltage (V),15.6,Percent,74.0909,Charge (Ah),1.63,Capacity (Ah),2.2,Source,None,Charging State,Not Charging,Current (A),0,0,/Sensors,OK,,mobile_base_nodelet_manager: Cliff Sensor,All right,mobile_base_nodelet_manager: Gyro Sensor,Heading: -57.07 degrees,mobile_base_nodelet_manager: Motor Current,All right,mobile_base_nodelet_manager: Wall Sensor,All right,mobile_base_nodelet_manager: Wheel Drop,All right,0,/Sensors/Cliff Sensor,All right,Kobuki,Left,Reading: 1555  Cliff: NO,Center,Reading: 1902  Cliff: NO,Right,Reading: 1621  Cliff: NO,0,/Sensors/Gyro Sensor,Heading: -57.07 degrees,Kobuki,0,/Sensors/Motor Current,All right,Kobuki,Left,1,Right,2,0,/Sensors/Wall Sensor,All right,Kobuki,Left,NO,Center,NO,Right,NO,0,/Sensors/Wheel Drop,All right,Kobuki,Left,NO,Right,NO
1494450152086801829,28,1494450152142588509,,0,/Input Ports,OK,,mobile_base_nodelet_manager: Analog Input,[4074, 4086, 4075, 4072],mobile_base_nodelet_manager: Digital Input,[0, 0, 0, 0],0,/Input Ports/Analog Input,[4074, 4086, 4075, 4072],Kobuki,0,/Input Ports/Digital Input,[0, 0, 0, 0],Kobuki,0,/Kobuki,OK,,mobile_base_nodelet_manager: Motor State,Motors Enabled,mobile_base_nodelet_manager: Watchdog,Alive,0,/Kobuki/Motor State,Motors Enabled,Kobuki,State,1,0,/Kobuki/Watchdog,Alive,Kobuki,0,/Power System,OK,,mobile_base_nodelet_manager: Battery,Healthy,0,/Power System/Battery,Healthy,Kobuki,Voltage (V),15.6,Percent,74.0909,Charge (Ah),1.63,Capacity (Ah),2.2,Source,None,Charging State,Not Charging,Current (A),0,1,/Sensors,Warning,,mobile_base_nodelet_manager: Cliff Sensor,All right,mobile_base_nodelet_manager: Gyro Sensor,Heading: -58.69 degrees,mobile_base_nodelet_manager: Motor Current,Is robot stalled? Motors current is very high,mobile_base_nodelet_manager: Wall Sensor,All right,mobile_base_nodelet_manager: Wheel Drop,All right,0,/Sensors/Cliff Sensor,All right,Kobuki,Left,Reading: 1532  Cliff: NO,Center,Reading: 1882  Cliff: NO,Right,Reading: 1647  Cliff: NO,0,/Sensors/Gyro Sensor,Heading: -58.69 degrees,Kobuki,1,/Sensors/Motor Current,Is robot stalled? Motors current is very high,Kobuki,Left,4,Right,20,0,/Sensors/Wall Sensor,All right,Kobuki,Left,NO,Center,NO,Right,NO,0,/Sensors/Wheel Drop,All right,Kobuki,Left,NO,Right,NO
1494450153092634631,29,1494450153142263359,,0,/Input Ports,OK,,mobile_base_nodelet_manager: Analog Input,[4074, 4086, 4075, 4072],mobile_base_nodelet_manager: Digital Input,[0, 0, 0, 0],0,/Input Ports/Analog Input,[4074, 4086, 4075, 4072],Kobuki,0,/Input Ports/Digital Input,[0, 0, 0, 0],Kobuki,0,/Kobuki,OK,,mobile_base_nodelet_manager: Motor State,Motors Enabled,mobile_base_nodelet_manager: Watchdog,Alive,0,/Kobuki/Motor State,Motors Enabled,Kobuki,State,1,0,/Kobuki/Watchdog,Alive,Kobuki,0,/Power System,OK,,mobile_base_nodelet_manager: Battery,Healthy,0,/Power System/Battery,Healthy,Kobuki,Voltage (V),15.6,Percent,74.0909,Charge (Ah),1.63,Capacity (Ah),2.2,Source,None,Charging State,Not Charging,Current (A),0,1,/Sensors,Warning,,mobile_base_nodelet_manager: Cliff Sensor,All right,mobile_base_nodelet_manager: Gyro Sensor,Heading: -58.69 degrees,mobile_base_nodelet_manager: Motor Current,Is robot stalled? Motors current is very high,mobile_base_nodelet_manager: Wall Sensor,All right,mobile_base_nodelet_manager: Wheel Drop,All right,0,/Sensors/Cliff Sensor,All right,Kobuki,Left,Reading: 1532  Cliff: NO,Center,Reading: 1882  Cliff: NO,Right,Reading: 1647  Cliff: NO,0,/Sensors/Gyro Sensor,Heading: -58.69 degrees,Kobuki,1,/Sensors/Motor Current,Is robot stalled? Motors current is very high,Kobuki,Left,4,Right,20,0,/Sensors/Wall Sensor,All right,Kobuki,Left,NO,Center,NO,Right,NO,0,/Sensors/Wheel Drop,All right,Kobuki,Left,NO,Right,NO
1494450154086483879,30,1494450154142511749,,0,/Input Ports,OK,,mobile_base_nodelet_manager: Analog Input,[4072, 4083, 4064, 4068],mobile_base_nodelet_manager: Digital Input,[0, 0, 0, 0],0,/Input Ports/Analog Input,[4072, 4083, 4064, 4068],Kobuki,0,/Input Ports/Digital Input,[0, 0, 0, 0],Kobuki,0,/Kobuki,OK,,mobile_base_nodelet_manager: Motor State,Motors Enabled,mobile_base_nodelet_manager: Watchdog,Alive,0,/Kobuki/Motor State,Motors Enabled,Kobuki,State,1,0,/Kobuki/Watchdog,Alive,Kobuki,0,/Power System,OK,,mobile_base_nodelet_manager: Battery,Healthy,0,/Power System/Battery,Healthy,Kobuki,Voltage (V),15.5,Percent,71.2121,Charge (Ah),1.56667,Capacity (Ah),2.2,Source,None,Charging State,Not Charging,Current (A),0,1,/Sensors,Warning,,mobile_base_nodelet_manager: Cliff Sensor,All right,mobile_base_nodelet_manager: Gyro Sensor,Heading: -64.28 degrees,mobile_base_nodelet_manager: Motor Current,Is robot stalled? Motors current is very high,mobile_base_nodelet_manager: Wall Sensor,All right,mobile_base_nodelet_manager: Wheel Drop,All right,0,/Sensors/Cliff Sensor,All right,Kobuki,Left,Reading: 1587  Cliff: NO,Center,Reading: 1922  Cliff: NO,Right,Reading: 1628  Cliff: NO,0,/Sensors/Gyro Sensor,Heading: -64.28 degrees,Kobuki,1,/Sensors/Motor Current,Is robot stalled? Motors current is very high,Kobuki,Left,4,Right,21,0,/Sensors/Wall Sensor,All right,Kobuki,Left,NO,Center,NO,Right,NO,0,/Sensors/Wheel Drop,All right,Kobuki,Left,NO,Right,NO
1494450155086661143,31,1494450155142597478,,0,/Input Ports,OK,,mobile_base_nodelet_manager: Analog Input,[4072, 4079, 4069, 4087],mobile_base_nodelet_manager: Digital Input,[0, 0, 0, 0],0,/Input Ports/Analog Input,[4072, 4079, 4069, 4087],Kobuki,0,/Input Ports/Digital Input,[0, 0, 0, 0],Kobuki,0,/Kobuki,OK,,mobile_base_nodelet_manager: Motor State,Motors Enabled,mobile_base_nodelet_manager: Watchdog,Alive,0,/Kobuki/Motor State,Motors Enabled,Kobuki,State,1,0,/Kobuki/Watchdog,Alive,Kobuki,0,/Power System,OK,,mobile_base_nodelet_manager: Battery,Healthy,0,/Power System/Battery,Healthy,Kobuki,Voltage (V),15.5,Percent,71.2121,Charge (Ah),1.56667,Capacity (Ah),2.2,Source,None,Charging State,Not Charging,Current (A),0,0,/Sensors,OK,,mobile_base_nodelet_manager: Cliff Sensor,All right,mobile_base_nodelet_manager: Gyro Sensor,Heading: -64.66 degrees,mobile_base_nodelet_manager: Motor Current,All right,mobile_base_nodelet_manager: Wall Sensor,All right,mobile_base_nodelet_manager: Wheel Drop,All right,0,/Sensors/Cliff Sensor,All right,Kobuki,Left,Reading: 1555  Cliff: NO,Center,Reading: 1877  Cliff: NO,Right,Reading: 1620  Cliff: NO,0,/Sensors/Gyro Sensor,Heading: -64.66 degrees,Kobuki,0,/Sensors/Motor Current,All right,Kobuki,Left,3,Right,5,0,/Sensors/Wall Sensor,All right,Kobuki,Left,NO,Center,NO,Right,NO,0,/Sensors/Wheel Drop,All right,Kobuki,Left,NO,Right,NO
1494450156086798548,32,1494450156142873834,,0,/Input Ports,OK,,mobile_base_nodelet_manager: Analog Input,[4068, 4073, 4070, 4086],mobile_base_nodelet_manager: Digital Input,[0, 0, 0, 0],0,/Input Ports/Analog Input,[4068, 4073, 4070, 4086],Kobuki,0,/Input Ports/Digital Input,[0, 0, 0, 0],Kobuki,0,/Kobuki,OK,,mobile_base_nodelet_manager: Motor State,Motors Enabled,mobile_base_nodelet_manager: Watchdog,Alive,0,/Kobuki/Motor State,Motors Enabled,Kobuki,State,1,0,/Kobuki/Watchdog,Alive,Kobuki,0,/Power System,OK,,mobile_base_nodelet_manager: Battery,Healthy,0,/Power System/Battery,Healthy,Kobuki,Voltage (V),15.5,Percent,71.2121,Charge (Ah),1.56667,Capacity (Ah),2.2,Source,None,Charging State,Not Charging,Current (A),0,0,/Sensors,OK,,mobile_base_nodelet_manager: Cliff Sensor,All right,mobile_base_nodelet_manager: Gyro Sensor,Heading: -39.98 degrees,mobile_base_nodelet_manager: Motor Current,All right,mobile_base_nodelet_manager: Wall Sensor,All right,mobile_base_nodelet_manager: Wheel Drop,All right,0,/Sensors/Cliff Sensor,All right,Kobuki,Left,Reading: 1581  Cliff: NO,Center,Reading: 1906  Cliff: NO,Right,Reading: 1644  Cliff: NO,0,/Sensors/Gyro Sensor,Heading: -39.98 degrees,Kobuki,0,/Sensors/Motor Current,All right,Kobuki,Left,0,Right,4,0,/Sensors/Wall Sensor,All right,Kobuki,Left,NO,Center,NO,Right,NO,0,/Sensors/Wheel Drop,All right,Kobuki,Left,NO,Right,NO
1494450157086395255,33,1494450157142807447,,0,/Input Ports,OK,,mobile_base_nodelet_manager: Analog Input,[4073, 4074, 4055, 4067],mobile_base_nodelet_manager: Digital Input,[0, 0, 0, 0],0,/Input Ports/Analog Input,[4073, 4074, 4055, 4067],Kobuki,0,/Input Ports/Digital Input,[0, 0, 0, 0],Kobuki,0,/Kobuki,OK,,mobile_base_nodelet_manager: Motor State,Motors Enabled,mobile_base_nodelet_manager: Watchdog,Alive,0,/Kobuki/Motor State,Motors Enabled,Kobuki,State,1,0,/Kobuki/Watchdog,Alive,Kobuki,0,/Power System,OK,,mobile_base_nodelet_manager: Battery,Healthy,0,/Power System/Battery,Healthy,Kobuki,Voltage (V),15.5,Percent,71.2121,Charge (Ah),1.56667,Capacity (Ah),2.2,Source,None,Charging State,Not Charging,Current (A),0,1,/Sensors,Warning,,mobile_base_nodelet_manager: Cliff Sensor,All right,mobile_base_nodelet_manager: Gyro Sensor,Heading: -65.22 degrees,mobile_base_nodelet_manager: Motor Current,Is robot stalled? Motors current is very high,mobile_base_nodelet_manager: Wall Sensor,All right,mobile_base_nodelet_manager: Wheel Drop,All right,0,/Sensors/Cliff Sensor,All right,Kobuki,Left,Reading: 1558  Cliff: NO,Center,Reading: 1907  Cliff: NO,Right,Reading: 1482  Cliff: NO,0,/Sensors/Gyro Sensor,Heading: -65.22 degrees,Kobuki,1,/Sensors/Motor Current,Is robot stalled? Motors current is very high,Kobuki,Left,6,Right,26,0,/Sensors/Wall Sensor,All right,Kobuki,Left,NO,Center,NO,Right,NO,0,/Sensors/Wheel Drop,All right,Kobuki,Left,NO,Right,NO
1494450158086150569,34,1494450158142595606,,0,/Input Ports,OK,,mobile_base_nodelet_manager: Analog Input,[4072, 4062, 4067, 4074],mobile_base_nodelet_manager: Digital Input,[0, 0, 0, 0],0,/Input Ports/Analog Input,[4072, 4062, 4067, 4074],Kobuki,0,/Input Ports/Digital Input,[0, 0, 0, 0],Kobuki,0,/Kobuki,OK,,mobile_base_nodelet_manager: Motor State,Motors Enabled,mobile_base_nodelet_manager: Watchdog,Alive,0,/Kobuki/Motor State,Motors Enabled,Kobuki,State,1,0,/Kobuki/Watchdog,Alive,Kobuki,0,/Power System,OK,,mobile_base_nodelet_manager: Battery,Healthy,0,/Power System/Battery,Healthy,Kobuki,Voltage (V),15.5,Percent,71.2121,Charge (Ah),1.56667,Capacity (Ah),2.2,Source,None,Charging State,Not Charging,Current (A),0,0,/Sensors,OK,,mobile_base_nodelet_manager: Cliff Sensor,All right,mobile_base_nodelet_manager: Gyro Sensor,Heading: -60.38 degrees,mobile_base_nodelet_manager: Motor Current,All right,mobile_base_nodelet_manager: Wall Sensor,All right,mobile_base_nodelet_manager: Wheel Drop,All right,0,/Sensors/Cliff Sensor,All right,Kobuki,Left,Reading: 1577  Cliff: NO,Center,Reading: 1927  Cliff: NO,Right,Reading: 1623  Cliff: NO,0,/Sensors/Gyro Sensor,Heading: -60.38 degrees,Kobuki,0,/Sensors/Motor Current,All right,Kobuki,Left,0,Right,3,0,/Sensors/Wall Sensor,All right,Kobuki,Left,NO,Center,NO,Right,NO,0,/Sensors/Wheel Drop,All right,Kobuki,Left,NO,Right,NO
1494450159087840820,35,1494450159142491352,,0,/Input Ports,OK,,mobile_base_nodelet_manager: Analog Input,[4075, 4076, 4075, 4067],mobile_base_nodelet_manager: Digital Input,[0, 0, 0, 0],0,/Input Ports/Analog Input,[4075, 4076, 4075, 4067],Kobuki,0,/Input Ports/Digital Input,[0, 0, 0, 0],Kobuki,0,/Kobuki,OK,,mobile_base_nodelet_manager: Motor State,Motors Enabled,mobile_base_nodelet_manager: Watchdog,Alive,0,/Kobuki/Motor State,Motors Enabled,Kobuki,State,1,0,/Kobuki/Watchdog,Alive,Kobuki,0,/Power System,OK,,mobile_base_nodelet_manager: Battery,Healthy,0,/Power System/Battery,Healthy,Kobuki,Voltage (V),15.6,Percent,74.0909,Charge (Ah),1.63,Capacity (Ah),2.2,Source,None,Charging State,Not Charging,Current (A),0,1,/Sensors,Warning,,mobile_base_nodelet_manager: Cliff Sensor,All right,mobile_base_nodelet_manager: Gyro Sensor,Heading: -47.17 degrees,mobile_base_nodelet_manager: Motor Current,Is robot stalled? Motors current is very high,mobile_base_nodelet_manager: Wall Sensor,All right,mobile_base_nodelet_manager: Wheel Drop,All right,0,/Sensors/Cliff Sensor,All right,Kobuki,Left,Reading: 1559  Cliff: NO,Center,Reading: 1902  Cliff: NO,Right,Reading: 1477  Cliff: NO,0,/Sensors/Gyro Sensor,Heading: -47.17 degrees,Kobuki,1,/Sensors/Motor Current,Is robot stalled? Motors current is very high,Kobuki,Left,0,Right,8,0,/Sensors/Wall Sensor,All right,Kobuki,Left,NO,Center,NO,Right,NO,0,/Sensors/Wheel Drop,All right,Kobuki,Left,NO,Right,NO
1494450160086857858,36,1494450160142690932,,0,/Input Ports,OK,,mobile_base_nodelet_manager: Analog Input,[4065, 4072, 4075, 4086],mobile_base_nodelet_manager: Digital Input,[0, 0, 0, 0],0,/Input Ports/Analog Input,[4065, 4072, 4075, 4086],Kobuki,0,/Input Ports/Digital Input,[0, 0, 0, 0],Kobuki,0,/Kobuki,OK,,mobile_base_nodelet_manager: Motor State,Motors Enabled,mobile_base_nodelet_manager: Watchdog,Alive,0,/Kobuki/Motor State,Motors Enabled,Kobuki,State,1,0,/Kobuki/Watchdog,Alive,Kobuki,0,/Power System,OK,,mobile_base_nodelet_manager: Battery,Healthy,0,/Power System/Battery,Healthy,Kobuki,Voltage (V),15.6,Percent,74.0909,Charge (Ah),1.63,Capacity (Ah),2.2,Source,None,Charging State,Not Charging,Current (A),0,1,/Sensors,Warning,,mobile_base_nodelet_manager: Cliff Sensor,All right,mobile_base_nodelet_manager: Gyro Sensor,Heading: -49.19 degrees,mobile_base_nodelet_manager: Motor Current,Is robot stalled? Motors current is very high,mobile_base_nodelet_manager: Wall Sensor,All right,mobile_base_nodelet_manager: Wheel Drop,All right,0,/Sensors/Cliff Sensor,All right,Kobuki,Left,Reading: 1580  Cliff: NO,Center,Reading: 1880  Cliff: NO,Right,Reading: 1624  Cliff: NO,0,/Sensors/Gyro Sensor,Heading: -49.19 degrees,Kobuki,1,/Sensors/Motor Current,Is robot stalled? Motors current is very high,Kobuki,Left,1,Right,9,0,/Sensors/Wall Sensor,All right,Kobuki,Left,NO,Center,NO,Right,NO,0,/Sensors/Wheel Drop,All right,Kobuki,Left,NO,Right,NO
1494450161090743256,37,1494450161143964840,,0,/Input Ports,OK,,mobile_base_nodelet_manager: Analog Input,[4071, 4073, 4082, 4084],mobile_base_nodelet_manager: Digital Input,[0, 0, 0, 0],0,/Input Ports/Analog Input,[4071, 4073, 4082, 4084],Kobuki,0,/Input Ports/Digital Input,[0, 0, 0, 0],Kobuki,0,/Kobuki,OK,,mobile_base_nodelet_manager: Motor State,Motors Enabled,mobile_base_nodelet_manager: Watchdog,Alive,0,/Kobuki/Motor State,Motors Enabled,Kobuki,State,1,0,/Kobuki/Watchdog,Alive,Kobuki,0,/Power System,OK,,mobile_base_nodelet_manager: Battery,Healthy,0,/Power System/Battery,Healthy,Kobuki,Voltage (V),15.6,Percent,74.0909,Charge (Ah),1.63,Capacity (Ah),2.2,Source,None,Charging State,Not Charging,Current (A),0,1,/Sensors,Warning,,mobile_base_nodelet_manager: Cliff Sensor,All right,mobile_base_nodelet_manager: Gyro Sensor,Heading: -107.66 degrees,mobile_base_nodelet_manager: Motor Current,Is robot stalled? Motors current is very high,mobile_base_nodelet_manager: Wall Sensor,All right,mobile_base_nodelet_manager: Wheel Drop,All right,0,/Sensors/Cliff Sensor,All right,Kobuki,Left,Reading: 1576  Cliff: NO,Center,Reading: 1928  Cliff: NO,Right,Reading: 1622  Cliff: NO,0,/Sensors/Gyro Sensor,Heading: -107.66 degrees,Kobuki,1,/Sensors/Motor Current,Is robot stalled? Motors current is very high,Kobuki,Left,2,Right,12,0,/Sensors/Wall Sensor,All right,Kobuki,Left,NO,Center,NO,Right,NO,0,/Sensors/Wheel Drop,All right,Kobuki,Left,NO,Right,NO
1494450162088494476,38,1494450162144160761,,0,/Input Ports,OK,,mobile_base_nodelet_manager: Analog Input,[4076, 4082, 4059, 4065],mobile_base_nodelet_manager: Digital Input,[0, 0, 0, 0],0,/Input Ports/Analog Input,[4076, 4082, 4059, 4065],Kobuki,0,/Input Ports/Digital Input,[0, 0, 0, 0],Kobuki,0,/Kobuki,OK,,mobile_base_nodelet_manager: Motor State,Motors Enabled,mobile_base_nodelet_manager: Watchdog,Alive,0,/Kobuki/Motor State,Motors Enabled,Kobuki,State,1,0,/Kobuki/Watchdog,Alive,Kobuki,0,/Power System,OK,,mobile_base_nodelet_manager: Battery,Healthy,0,/Power System/Battery,Healthy,Kobuki,Voltage (V),15.6,Percent,74.0909,Charge (Ah),1.63,Capacity (Ah),2.2,Source,None,Charging State,Not Charging,Current (A),0,0,/Sensors,OK,,mobile_base_nodelet_manager: Cliff Sensor,All right,mobile_base_nodelet_manager: Gyro Sensor,Heading: -144.22 degrees,mobile_base_nodelet_manager: Motor Current,All right,mobile_base_nodelet_manager: Wall Sensor,All right,mobile_base_nodelet_manager: Wheel Drop,All right,0,/Sensors/Cliff Sensor,All right,Kobuki,Left,Reading: 1557  Cliff: NO,Center,Reading: 1925  Cliff: NO,Right,Reading: 1623  Cliff: NO,0,/Sensors/Gyro Sensor,Heading: -144.22 degrees,Kobuki,0,/Sensors/Motor Current,All right,Kobuki,Left,0,Right,0,0,/Sensors/Wall Sensor,All right,Kobuki,Left,NO,Center,NO,Right,NO,0,/Sensors/Wheel Drop,All right,Kobuki,Left,NO,Right,NO
1494450163085970452,39,1494450163142666325,,0,/Input Ports,OK,,mobile_base_nodelet_manager: Analog Input,[4073, 4073, 4067, 4069],mobile_base_nodelet_manager: Digital Input,[0, 0, 0, 0],0,/Input Ports/Analog Input,[4073, 4073, 4067, 4069],Kobuki,0,/Input Ports/Digital Input,[0, 0, 0, 0],Kobuki,0,/Kobuki,OK,,mobile_base_nodelet_manager: Motor State,Motors Enabled,mobile_base_nodelet_manager: Watchdog,Alive,0,/Kobuki/Motor State,Motors Enabled,Kobuki,State,1,0,/Kobuki/Watchdog,Alive,Kobuki,0,/Power System,OK,,mobile_base_nodelet_manager: Battery,Healthy,0,/Power System/Battery,Healthy,Kobuki,Voltage (V),15.6,Percent,74.0909,Charge (Ah),1.63,Capacity (Ah),2.2,Source,None,Charging State,Not Charging,Current (A),0,0,/Sensors,OK,,mobile_base_nodelet_manager: Cliff Sensor,All right,mobile_base_nodelet_manager: Gyro Sensor,Heading: -151.03 degrees,mobile_base_nodelet_manager: Motor Current,All right,mobile_base_nodelet_manager: Wall Sensor,All right,mobile_base_nodelet_manager: Wheel Drop,All right,0,/Sensors/Cliff Sensor,All right,Kobuki,Left,Reading: 1557  Cliff: NO,Center,Reading: 1578  Cliff: NO,Right,Reading: 1620  Cliff: NO,0,/Sensors/Gyro Sensor,Heading: -151.03 degrees,Kobuki,0,/Sensors/Motor Current,All right,Kobuki,Left,0,Right,0,0,/Sensors/Wall Sensor,All right,Kobuki,Left,NO,Center,NO,Right,NO,0,/Sensors/Wheel Drop,All right,Kobuki,Left,NO,Right,NO
1494450164085690340,40,1494450164142233968,,0,/Input Ports,OK,,mobile_base_nodelet_manager: Analog Input,[4073, 4073, 4067, 4069],mobile_base_nodelet_manager: Digital Input,[0, 0, 0, 0],0,/Input Ports/Analog Input,[4073, 4073, 4067, 4069],Kobuki,0,/Input Ports/Digital Input,[0, 0, 0, 0],Kobuki,0,/Kobuki,OK,,mobile_base_nodelet_manager: Motor State,Motors Enabled,mobile_base_nodelet_manager: Watchdog,Alive,0,/Kobuki/Motor State,Motors Enabled,Kobuki,State,1,0,/Kobuki/Watchdog,Alive,Kobuki,0,/Power System,OK,,mobile_base_nodelet_manager: Battery,Healthy,0,/Power System/Battery,Healthy,Kobuki,Voltage (V),15.6,Percent,74.0909,Charge (Ah),1.63,Capacity (Ah),2.2,Source,None,Charging State,Not Charging,Current (A),0,0,/Sensors,OK,,mobile_base_nodelet_manager: Cliff Sensor,All right,mobile_base_nodelet_manager: Gyro Sensor,Heading: -151.03 degrees,mobile_base_nodelet_manager: Motor Current,All right,mobile_base_nodelet_manager: Wall Sensor,All right,mobile_base_nodelet_manager: Wheel Drop,All right,0,/Sensors/Cliff Sensor,All right,Kobuki,Left,Reading: 1557  Cliff: NO,Center,Reading: 1578  Cliff: NO,Right,Reading: 1620  Cliff: NO,0,/Sensors/Gyro Sensor,Heading: -151.03 degrees,Kobuki,0,/Sensors/Motor Current,All right,Kobuki,Left,0,Right,0,0,/Sensors/Wall Sensor,All right,Kobuki,Left,NO,Center,NO,Right,NO,0,/Sensors/Wheel Drop,All right,Kobuki,Left,NO,Right,NO
1494450165088333792,41,1494450165143688764,,0,/Input Ports,OK,,mobile_base_nodelet_manager: Analog Input,[4071, 4078, 4069, 4064],mobile_base_nodelet_manager: Digital Input,[0, 0, 0, 0],0,/Input Ports/Analog Input,[4071, 4078, 4069, 4064],Kobuki,0,/Input Ports/Digital Input,[0, 0, 0, 0],Kobuki,0,/Kobuki,OK,,mobile_base_nodelet_manager: Motor State,Motors Enabled,mobile_base_nodelet_manager: Watchdog,Alive,0,/Kobuki/Motor State,Motors Enabled,Kobuki,State,1,0,/Kobuki/Watchdog,Alive,Kobuki,0,/Power System,OK,,mobile_base_nodelet_manager: Battery,Healthy,0,/Power System/Battery,Healthy,Kobuki,Voltage (V),15.6,Percent,74.0909,Charge (Ah),1.63,Capacity (Ah),2.2,Source,None,Charging State,Not Charging,Current (A),0,1,/Sensors,Warning,,mobile_base_nodelet_manager: Cliff Sensor,All right,mobile_base_nodelet_manager: Gyro Sensor,Heading: -156.94 degrees,mobile_base_nodelet_manager: Motor Current,Is robot stalled? Motors current is very high,mobile_base_nodelet_manager: Wall Sensor,All right,mobile_base_nodelet_manager: Wheel Drop,All right,0,/Sensors/Cliff Sensor,All right,Kobuki,Left,Reading: 1560  Cliff: NO,Center,Reading: 1865  Cliff: NO,Right,Reading: 1607  Cliff: NO,0,/Sensors/Gyro Sensor,Heading: -156.94 degrees,Kobuki,1,/Sensors/Motor Current,Is robot stalled? Motors current is very high,Kobuki,Left,2,Right,49,0,/Sensors/Wall Sensor,All right,Kobuki,Left,NO,Center,NO,Right,NO,0,/Sensors/Wheel Drop,All right,Kobuki,Left,NO,Right,NO
1494450166088905484,42,1494450166142702919,,0,/Input Ports,OK,,mobile_base_nodelet_manager: Analog Input,[4080, 4080, 4073, 4091],mobile_base_nodelet_manager: Digital Input,[0, 0, 0, 0],0,/Input Ports/Analog Input,[4080, 4080, 4073, 4091],Kobuki,0,/Input Ports/Digital Input,[0, 0, 0, 0],Kobuki,0,/Kobuki,OK,,mobile_base_nodelet_manager: Motor State,Motors Enabled,mobile_base_nodelet_manager: Watchdog,Alive,0,/Kobuki/Motor State,Motors Enabled,Kobuki,State,1,0,/Kobuki/Watchdog,Alive,Kobuki,0,/Power System,OK,,mobile_base_nodelet_manager: Battery,Healthy,0,/Power System/Battery,Healthy,Kobuki,Voltage (V),15.5,Percent,71.2121,Charge (Ah),1.56667,Capacity (Ah),2.2,Source,None,Charging State,Not Charging,Current (A),0,1,/Sensors,Warning,,mobile_base_nodelet_manager: Cliff Sensor,All right,mobile_base_nodelet_manager: Gyro Sensor,Heading: -163.39 degrees,mobile_base_nodelet_manager: Motor Current,Is robot stalled? Motors current is very high,mobile_base_nodelet_manager: Wall Sensor,All right,mobile_base_nodelet_manager: Wheel Drop,All right,0,/Sensors/Cliff Sensor,All right,Kobuki,Left,Reading: 1555  Cliff: NO,Center,Reading: 1922  Cliff: NO,Right,Reading: 1646  Cliff: NO,0,/Sensors/Gyro Sensor,Heading: -163.39 degrees,Kobuki,1,/Sensors/Motor Current,Is robot stalled? Motors current is very high,Kobuki,Left,2,Right,8,0,/Sensors/Wall Sensor,All right,Kobuki,Left,NO,Center,NO,Right,NO,0,/Sensors/Wheel Drop,All right,Kobuki,Left,NO,Right,NO
1494450167088093732,43,1494450167143700060,,0,/Input Ports,OK,,mobile_base_nodelet_manager: Analog Input,[4075, 4081, 4079, 4067],mobile_base_nodelet_manager: Digital Input,[0, 0, 0, 0],0,/Input Ports/Analog Input,[4075, 4081, 4079, 4067],Kobuki,0,/Input Ports/Digital Input,[0, 0, 0, 0],Kobuki,0,/Kobuki,OK,,mobile_base_nodelet_manager: Motor State,Motors Enabled,mobile_base_nodelet_manager: Watchdog,Alive,0,/Kobuki/Motor State,Motors Enabled,Kobuki,State,1,0,/Kobuki/Watchdog,Alive,Kobuki,0,/Power System,OK,,mobile_base_nodelet_manager: Battery,Healthy,0,/Power System/Battery,Healthy,Kobuki,Voltage (V),15.5,Percent,71.2121,Charge (Ah),1.56667,Capacity (Ah),2.2,Source,None,Charging State,Not Charging,Current (A),0,1,/Sensors,Warning,,mobile_base_nodelet_manager: Cliff Sensor,All right,mobile_base_nodelet_manager: Gyro Sensor,Heading: -156.14 degrees,mobile_base_nodelet_manager: Motor Current,Is robot stalled? Motors current is very high,mobile_base_nodelet_manager: Wall Sensor,All right,mobile_base_nodelet_manager: Wheel Drop,All right,0,/Sensors/Cliff Sensor,All right,Kobuki,Left,Reading: 1503  Cliff: NO,Center,Reading: 1927  Cliff: NO,Right,Reading: 1527  Cliff: NO,0,/Sensors/Gyro Sensor,Heading: -156.14 degrees,Kobuki,1,/Sensors/Motor Current,Is robot stalled? Motors current is very high,Kobuki,Left,0,Right,19,0,/Sensors/Wall Sensor,All right,Kobuki,Left,NO,Center,NO,Right,NO,0,/Sensors/Wheel Drop,All right,Kobuki,Left,NO,Right,NO
1494450168087152386,44,1494450168142726680,,0,/Input Ports,OK,,mobile_base_nodelet_manager: Analog Input,[4066, 4075, 4071, 4095],mobile_base_nodelet_manager: Digital Input,[0, 0, 0, 0],0,/Input Ports/Analog Input,[4066, 4075, 4071, 4095],Kobuki,0,/Input Ports/Digital Input,[0, 0, 0, 0],Kobuki,0,/Kobuki,OK,,mobile_base_nodelet_manager: Motor State,Motors Enabled,mobile_base_nodelet_manager: Watchdog,Alive,0,/Kobuki/Motor State,Motors Enabled,Kobuki,State,1,0,/Kobuki/Watchdog,Alive,Kobuki,0,/Power System,OK,,mobile_base_nodelet_manager: Battery,Healthy,0,/Power System/Battery,Healthy,Kobuki,Voltage (V),15.5,Percent,71.2121,Charge (Ah),1.56667,Capacity (Ah),2.2,Source,None,Charging State,Not Charging,Current (A),0,1,/Sensors,Warning,,mobile_base_nodelet_manager: Cliff Sensor,All right,mobile_base_nodelet_manager: Gyro Sensor,Heading: -133.44 degrees,mobile_base_nodelet_manager: Motor Current,Is robot stalled? Motors current is very high,mobile_base_nodelet_manager: Wall Sensor,All right,mobile_base_nodelet_manager: Wheel Drop,All right,0,/Sensors/Cliff Sensor,All right,Kobuki,Left,Reading: 1556  Cliff: NO,Center,Reading: 1906  Cliff: NO,Right,Reading: 1602  Cliff: NO,0,/Sensors/Gyro Sensor,Heading: -133.44 degrees,Kobuki,1,/Sensors/Motor Current,Is robot stalled? Motors current is very high,Kobuki,Left,6,Right,19,0,/Sensors/Wall Sensor,All right,Kobuki,Left,NO,Center,NO,Right,NO,0,/Sensors/Wheel Drop,All right,Kobuki,Left,NO,Right,NO
1494450169086869963,45,1494450169142930460,,0,/Input Ports,OK,,mobile_base_nodelet_manager: Analog Input,[4067, 4069, 4076, 4071],mobile_base_nodelet_manager: Digital Input,[0, 0, 0, 0],0,/Input Ports/Analog Input,[4067, 4069, 4076, 4071],Kobuki,0,/Input Ports/Digital Input,[0, 0, 0, 0],Kobuki,0,/Kobuki,OK,,mobile_base_nodelet_manager: Motor State,Motors Enabled,mobile_base_nodelet_manager: Watchdog,Alive,0,/Kobuki/Motor State,Motors Enabled,Kobuki,State,1,0,/Kobuki/Watchdog,Alive,Kobuki,0,/Power System,OK,,mobile_base_nodelet_manager: Battery,Healthy,0,/Power System/Battery,Healthy,Kobuki,Voltage (V),15.5,Percent,71.2121,Charge (Ah),1.56667,Capacity (Ah),2.2,Source,None,Charging State,Not Charging,Current (A),0,1,/Sensors,Warning,,mobile_base_nodelet_manager: Cliff Sensor,All right,mobile_base_nodelet_manager: Gyro Sensor,Heading: -146.88 degrees,mobile_base_nodelet_manager: Motor Current,Is robot stalled? Motors current is very high,mobile_base_nodelet_manager: Wall Sensor,All right,mobile_base_nodelet_manager: Wheel Drop,All right,0,/Sensors/Cliff Sensor,All right,Kobuki,Left,Reading: 1560  Cliff: NO,Center,Reading: 1929  Cliff: NO,Right,Reading: 1647  Cliff: NO,0,/Sensors/Gyro Sensor,Heading: -146.88 degrees,Kobuki,1,/Sensors/Motor Current,Is robot stalled? Motors current is very high,Kobuki,Left,1,Right,28,0,/Sensors/Wall Sensor,All right,Kobuki,Left,NO,Center,NO,Right,NO,0,/Sensors/Wheel Drop,All right,Kobuki,Left,NO,Right,NO
1494450170090901428,46,1494450170143812155,,0,/Input Ports,OK,,mobile_base_nodelet_manager: Analog Input,[4073, 4081, 4079, 4073],mobile_base_nodelet_manager: Digital Input,[0, 0, 0, 0],0,/Input Ports/Analog Input,[4073, 4081, 4079, 4073],Kobuki,0,/Input Ports/Digital Input,[0, 0, 0, 0],Kobuki,0,/Kobuki,OK,,mobile_base_nodelet_manager: Motor State,Motors Enabled,mobile_base_nodelet_manager: Watchdog,Alive,0,/Kobuki/Motor State,Motors Enabled,Kobuki,State,1,0,/Kobuki/Watchdog,Alive,Kobuki,0,/Power System,OK,,mobile_base_nodelet_manager: Battery,Healthy,0,/Power System/Battery,Healthy,Kobuki,Voltage (V),15.5,Percent,71.2121,Charge (Ah),1.56667,Capacity (Ah),2.2,Source,None,Charging State,Not Charging,Current (A),0,1,/Sensors,Warning,,mobile_base_nodelet_manager: Cliff Sensor,All right,mobile_base_nodelet_manager: Gyro Sensor,Heading: -151.10 degrees,mobile_base_nodelet_manager: Motor Current,Is robot stalled? Motors current is very high,mobile_base_nodelet_manager: Wall Sensor,All right,mobile_base_nodelet_manager: Wheel Drop,All right,0,/Sensors/Cliff Sensor,All right,Kobuki,Left,Reading: 1533  Cliff: NO,Center,Reading: 1868  Cliff: NO,Right,Reading: 1621  Cliff: NO,0,/Sensors/Gyro Sensor,Heading: -151.10 degrees,Kobuki,1,/Sensors/Motor Current,Is robot stalled? Motors current is very high,Kobuki,Left,5,Right,7,0,/Sensors/Wall Sensor,All right,Kobuki,Left,NO,Center,NO,Right,NO,0,/Sensors/Wheel Drop,All right,Kobuki,Left,NO,Right,NO
1494450171087098414,47,1494450171143093618,,0,/Input Ports,OK,,mobile_base_nodelet_manager: Analog Input,[4069, 4069, 4066, 4079],mobile_base_nodelet_manager: Digital Input,[0, 0, 0, 0],0,/Input Ports/Analog Input,[4069, 4069, 4066, 4079],Kobuki,0,/Input Ports/Digital Input,[0, 0, 0, 0],Kobuki,0,/Kobuki,OK,,mobile_base_nodelet_manager: Motor State,Motors Enabled,mobile_base_nodelet_manager: Watchdog,Alive,0,/Kobuki/Motor State,Motors Enabled,Kobuki,State,1,0,/Kobuki/Watchdog,Alive,Kobuki,0,/Power System,OK,,mobile_base_nodelet_manager: Battery,Healthy,0,/Power System/Battery,Healthy,Kobuki,Voltage (V),15.5,Percent,71.2121,Charge (Ah),1.56667,Capacity (Ah),2.2,Source,None,Charging State,Not Charging,Current (A),0,0,/Sensors,OK,,mobile_base_nodelet_manager: Cliff Sensor,All right,mobile_base_nodelet_manager: Gyro Sensor,Heading: -155.49 degrees,mobile_base_nodelet_manager: Motor Current,All right,mobile_base_nodelet_manager: Wall Sensor,All right,mobile_base_nodelet_manager: Wheel Drop,All right,0,/Sensors/Cliff Sensor,All right,Kobuki,Left,Reading: 1574  Cliff: NO,Center,Reading: 1881  Cliff: NO,Right,Reading: 1626  Cliff: NO,0,/Sensors/Gyro Sensor,Heading: -155.49 degrees,Kobuki,0,/Sensors/Motor Current,All right,Kobuki,Left,4,Right,5,0,/Sensors/Wall Sensor,All right,Kobuki,Left,NO,Center,NO,Right,NO,0,/Sensors/Wheel Drop,All right,Kobuki,Left,NO,Right,NO
1494450172086066257,48,1494450172142616040,,0,/Input Ports,OK,,mobile_base_nodelet_manager: Analog Input,[4067, 4080, 4075, 4095],mobile_base_nodelet_manager: Digital Input,[0, 0, 0, 0],0,/Input Ports/Analog Input,[4067, 4080, 4075, 4095],Kobuki,0,/Input Ports/Digital Input,[0, 0, 0, 0],Kobuki,0,/Kobuki,OK,,mobile_base_nodelet_manager: Motor State,Motors Enabled,mobile_base_nodelet_manager: Watchdog,Alive,0,/Kobuki/Motor State,Motors Enabled,Kobuki,State,1,0,/Kobuki/Watchdog,Alive,Kobuki,0,/Power System,OK,,mobile_base_nodelet_manager: Battery,Healthy,0,/Power System/Battery,Healthy,Kobuki,Voltage (V),15.5,Percent,71.2121,Charge (Ah),1.56667,Capacity (Ah),2.2,Source,None,Charging State,Not Charging,Current (A),0,0,/Sensors,OK,,mobile_base_nodelet_manager: Cliff Sensor,All right,mobile_base_nodelet_manager: Gyro Sensor,Heading: 145.42 degrees,mobile_base_nodelet_manager: Motor Current,All right,mobile_base_nodelet_manager: Wall Sensor,All right,mobile_base_nodelet_manager: Wheel Drop,All right,0,/Sensors/Cliff Sensor,All right,Kobuki,Left,Reading: 1529  Cliff: NO,Center,Reading: 1907  Cliff: NO,Right,Reading: 1647  Cliff: NO,0,/Sensors/Gyro Sensor,Heading: 145.42 degrees,Kobuki,0,/Sensors/Motor Current,All right,Kobuki,Left,5,Right,2,0,/Sensors/Wall Sensor,All right,Kobuki,Left,NO,Center,NO,Right,NO,0,/Sensors/Wheel Drop,All right,Kobuki,Left,NO,Right,NO
1494450173088227215,49,1494450173143720994,,0,/Input Ports,OK,,mobile_base_nodelet_manager: Analog Input,[4074, 4066, 4065, 4067],mobile_base_nodelet_manager: Digital Input,[0, 0, 0, 0],0,/Input Ports/Analog Input,[4074, 4066, 4065, 4067],Kobuki,0,/Input Ports/Digital Input,[0, 0, 0, 0],Kobuki,0,/Kobuki,OK,,mobile_base_nodelet_manager: Motor State,Motors Enabled,mobile_base_nodelet_manager: Watchdog,Alive,0,/Kobuki/Motor State,Motors Enabled,Kobuki,State,1,0,/Kobuki/Watchdog,Alive,Kobuki,0,/Power System,OK,,mobile_base_nodelet_manager: Battery,Healthy,0,/Power System/Battery,Healthy,Kobuki,Voltage (V),15.5,Percent,71.2121,Charge (Ah),1.56667,Capacity (Ah),2.2,Source,None,Charging State,Not Charging,Current (A),0,1,/Sensors,Warning,,mobile_base_nodelet_manager: Cliff Sensor,All right,mobile_base_nodelet_manager: Gyro Sensor,Heading: 119.20 degrees,mobile_base_nodelet_manager: Motor Current,Is robot stalled? Motors current is very high,mobile_base_nodelet_manager: Wall Sensor,All right,mobile_base_nodelet_manager: Wheel Drop,All right,0,/Sensors/Cliff Sensor,All right,Kobuki,Left,Reading: 1551  Cliff: NO,Center,Reading: 1929  Cliff: NO,Right,Reading: 1649  Cliff: NO,0,/Sensors/Gyro Sensor,Heading: 119.20 degrees,Kobuki,1,/Sensors/Motor Current,Is robot stalled? Motors current is very high,Kobuki,Left,1,Right,17,0,/Sensors/Wall Sensor,All right,Kobuki,Left,NO,Center,NO,Right,NO,0,/Sensors/Wheel Drop,All right,Kobuki,Left,NO,Right,NO
1494450174086093254,50,1494450174142615596,,0,/Input Ports,OK,,mobile_base_nodelet_manager: Analog Input,[4075, 4071, 4066, 4082],mobile_base_nodelet_manager: Digital Input,[0, 0, 0, 0],0,/Input Ports/Analog Input,[4075, 4071, 4066, 4082],Kobuki,0,/Input Ports/Digital Input,[0, 0, 0, 0],Kobuki,0,/Kobuki,OK,,mobile_base_nodelet_manager: Motor State,Motors Enabled,mobile_base_nodelet_manager: Watchdog,Alive,0,/Kobuki/Motor State,Motors Enabled,Kobuki,State,1,0,/Kobuki/Watchdog,Alive,Kobuki,0,/Power System,OK,,mobile_base_nodelet_manager: Battery,Healthy,0,/Power System/Battery,Healthy,Kobuki,Voltage (V),15.5,Percent,71.2121,Charge (Ah),1.56667,Capacity (Ah),2.2,Source,None,Charging State,Not Charging,Current (A),0,0,/Sensors,OK,,mobile_base_nodelet_manager: Cliff Sensor,All right,mobile_base_nodelet_manager: Gyro Sensor,Heading: 124.85 degrees,mobile_base_nodelet_manager: Motor Current,All right,mobile_base_nodelet_manager: Wall Sensor,All right,mobile_base_nodelet_manager: Wheel Drop,All right,0,/Sensors/Cliff Sensor,All right,Kobuki,Left,Reading: 1587  Cliff: NO,Center,Reading: 1908  Cliff: NO,Right,Reading: 1649  Cliff: NO,0,/Sensors/Gyro Sensor,Heading: 124.85 degrees,Kobuki,0,/Sensors/Motor Current,All right,Kobuki,Left,2,Right,5,0,/Sensors/Wall Sensor,All right,Kobuki,Left,NO,Center,NO,Right,NO,0,/Sensors/Wheel Drop,All right,Kobuki,Left,NO,Right,NO
1494450175086717869,51,1494450175142912190,,0,/Input Ports,OK,,mobile_base_nodelet_manager: Analog Input,[4075, 4088, 4064, 4071],mobile_base_nodelet_manager: Digital Input,[0, 0, 0, 0],0,/Input Ports/Analog Input,[4075, 4088, 4064, 4071],Kobuki,0,/Input Ports/Digital Input,[0, 0, 0, 0],Kobuki,0,/Kobuki,OK,,mobile_base_nodelet_manager: Motor State,Motors Enabled,mobile_base_nodelet_manager: Watchdog,Alive,0,/Kobuki/Motor State,Motors Enabled,Kobuki,State,1,0,/Kobuki/Watchdog,Alive,Kobuki,0,/Power System,OK,,mobile_base_nodelet_manager: Battery,Healthy,0,/Power System/Battery,Healthy,Kobuki,Voltage (V),15.5,Percent,71.2121,Charge (Ah),1.56667,Capacity (Ah),2.2,Source,None,Charging State,Not Charging,Current (A),0,1,/Sensors,Warning,,mobile_base_nodelet_manager: Cliff Sensor,All right,mobile_base_nodelet_manager: Gyro Sensor,Heading: 118.63 degrees,mobile_base_nodelet_manager: Motor Current,Is robot stalled? Motors current is very high,mobile_base_nodelet_manager: Wall Sensor,All right,mobile_base_nodelet_manager: Wheel Drop,All right,0,/Sensors/Cliff Sensor,All right,Kobuki,Left,Reading: 1530  Cliff: NO,Center,Reading: 1921  Cliff: NO,Right,Reading: 1622  Cliff: NO,0,/Sensors/Gyro Sensor,Heading: 118.63 degrees,Kobuki,1,/Sensors/Motor Current,Is robot stalled? Motors current is very high,Kobuki,Left,4,Right,31,0,/Sensors/Wall Sensor,All right,Kobuki,Left,NO,Center,NO,Right,NO,0,/Sensors/Wheel Drop,All right,Kobuki,Left,NO,Right,NO
1494450176099551332,52,1494450176142422543,,0,/Input Ports,OK,,mobile_base_nodelet_manager: Analog Input,[4075, 4088, 4064, 4071],mobile_base_nodelet_manager: Digital Input,[0, 0, 0, 0],0,/Input Ports/Analog Input,[4075, 4088, 4064, 4071],Kobuki,0,/Input Ports/Digital Input,[0, 0, 0, 0],Kobuki,0,/Kobuki,OK,,mobile_base_nodelet_manager: Motor State,Motors Enabled,mobile_base_nodelet_manager: Watchdog,Alive,0,/Kobuki/Motor State,Motors Enabled,Kobuki,State,1,0,/Kobuki/Watchdog,Alive,Kobuki,0,/Power System,OK,,mobile_base_nodelet_manager: Battery,Healthy,0,/Power System/Battery,Healthy,Kobuki,Voltage (V),15.5,Percent,71.2121,Charge (Ah),1.56667,Capacity (Ah),2.2,Source,None,Charging State,Not Charging,Current (A),0,1,/Sensors,Warning,,mobile_base_nodelet_manager: Cliff Sensor,All right,mobile_base_nodelet_manager: Gyro Sensor,Heading: 118.63 degrees,mobile_base_nodelet_manager: Motor Current,Is robot stalled? Motors current is very high,mobile_base_nodelet_manager: Wall Sensor,All right,mobile_base_nodelet_manager: Wheel Drop,All right,0,/Sensors/Cliff Sensor,All right,Kobuki,Left,Reading: 1530  Cliff: NO,Center,Reading: 1921  Cliff: NO,Right,Reading: 1622  Cliff: NO,0,/Sensors/Gyro Sensor,Heading: 118.63 degrees,Kobuki,1,/Sensors/Motor Current,Is robot stalled? Motors current is very high,Kobuki,Left,4,Right,31,0,/Sensors/Wall Sensor,All right,Kobuki,Left,NO,Center,NO,Right,NO,0,/Sensors/Wheel Drop,All right,Kobuki,Left,NO,Right,NO
1494450177086049875,53,1494450177142619603,,0,/Input Ports,OK,,mobile_base_nodelet_manager: Analog Input,[4069, 4069, 4078, 4084],mobile_base_nodelet_manager: Digital Input,[0, 0, 0, 0],0,/Input Ports/Analog Input,[4069, 4069, 4078, 4084],Kobuki,0,/Input Ports/Digital Input,[0, 0, 0, 0],Kobuki,0,/Kobuki,OK,,mobile_base_nodelet_manager: Motor State,Motors Enabled,mobile_base_nodelet_manager: Watchdog,Alive,0,/Kobuki/Motor State,Motors Enabled,Kobuki,State,1,0,/Kobuki/Watchdog,Alive,Kobuki,0,/Power System,OK,,mobile_base_nodelet_manager: Battery,Healthy,0,/Power System/Battery,Healthy,Kobuki,Voltage (V),15.5,Percent,71.2121,Charge (Ah),1.56667,Capacity (Ah),2.2,Source,None,Charging State,Not Charging,Current (A),0,1,/Sensors,Warning,,mobile_base_nodelet_manager: Cliff Sensor,All right,mobile_base_nodelet_manager: Gyro Sensor,Heading: 119.58 degrees,mobile_base_nodelet_manager: Motor Current,Is robot stalled? Motors current is very high,mobile_base_nodelet_manager: Wall Sensor,All right,mobile_base_nodelet_manager: Wheel Drop,All right,0,/Sensors/Cliff Sensor,All right,Kobuki,Left,Reading: 1555  Cliff: NO,Center,Reading: 1905  Cliff: NO,Right,Reading: 1628  Cliff: NO,0,/Sensors/Gyro Sensor,Heading: 119.58 degrees,Kobuki,1,/Sensors/Motor Current,Is robot stalled? Motors current is very high,Kobuki,Left,1,Right,29,0,/Sensors/Wall Sensor,All right,Kobuki,Left,NO,Center,NO,Right,NO,0,/Sensors/Wheel Drop,All right,Kobuki,Left,NO,Right,NO
1494450178085906570,54,1494450178142513461,,0,/Input Ports,OK,,mobile_base_nodelet_manager: Analog Input,[4069, 4076, 4076, 4075],mobile_base_nodelet_manager: Digital Input,[0, 0, 0, 0],0,/Input Ports/Analog Input,[4069, 4076, 4076, 4075],Kobuki,0,/Input Ports/Digital Input,[0, 0, 0, 0],Kobuki,0,/Kobuki,OK,,mobile_base_nodelet_manager: Motor State,Motors Enabled,mobile_base_nodelet_manager: Watchdog,Alive,0,/Kobuki/Motor State,Motors Enabled,Kobuki,State,1,0,/Kobuki/Watchdog,Alive,Kobuki,0,/Power System,OK,,mobile_base_nodelet_manager: Battery,Healthy,0,/Power System/Battery,Healthy,Kobuki,Voltage (V),15.5,Percent,71.2121,Charge (Ah),1.56667,Capacity (Ah),2.2,Source,None,Charging State,Not Charging,Current (A),0,1,/Sensors,Warning,,mobile_base_nodelet_manager: Cliff Sensor,All right,mobile_base_nodelet_manager: Gyro Sensor,Heading: 133.54 degrees,mobile_base_nodelet_manager: Motor Current,Is robot stalled? Motors current is very high,mobile_base_nodelet_manager: Wall Sensor,All right,mobile_base_nodelet_manager: Wheel Drop,All right,0,/Sensors/Cliff Sensor,All right,Kobuki,Left,Reading: 1557  Cliff: NO,Center,Reading: 1909  Cliff: NO,Right,Reading: 1625  Cliff: NO,0,/Sensors/Gyro Sensor,Heading: 133.54 degrees,Kobuki,1,/Sensors/Motor Current,Is robot stalled? Motors current is very high,Kobuki,Left,1,Right,27,0,/Sensors/Wall Sensor,All right,Kobuki,Left,NO,Center,NO,Right,NO,0,/Sensors/Wheel Drop,All right,Kobuki,Left,NO,Right,NO
1494450179085971214,55,1494450179142527572,,0,/Input Ports,OK,,mobile_base_nodelet_manager: Analog Input,[4065, 4074, 4076, 4081],mobile_base_nodelet_manager: Digital Input,[0, 0, 0, 0],0,/Input Ports/Analog Input,[4065, 4074, 4076, 4081],Kobuki,0,/Input Ports/Digital Input,[0, 0, 0, 0],Kobuki,0,/Kobuki,OK,,mobile_base_nodelet_manager: Motor State,Motors Enabled,mobile_base_nodelet_manager: Watchdog,Alive,0,/Kobuki/Motor State,Motors Enabled,Kobuki,State,1,0,/Kobuki/Watchdog,Alive,Kobuki,0,/Power System,OK,,mobile_base_nodelet_manager: Battery,Healthy,0,/Power System/Battery,Healthy,Kobuki,Voltage (V),15.5,Percent,71.2121,Charge (Ah),1.56667,Capacity (Ah),2.2,Source,None,Charging State,Not Charging,Current (A),0,1,/Sensors,Warning,,mobile_base_nodelet_manager: Cliff Sensor,All right,mobile_base_nodelet_manager: Gyro Sensor,Heading: 129.86 degrees,mobile_base_nodelet_manager: Motor Current,Is robot stalled? Motors current is very high,mobile_base_nodelet_manager: Wall Sensor,All right,mobile_base_nodelet_manager: Wheel Drop,All right,0,/Sensors/Cliff Sensor,All right,Kobuki,Left,Reading: 1529  Cliff: NO,Center,Reading: 1882  Cliff: NO,Right,Reading: 1647  Cliff: NO,0,/Sensors/Gyro Sensor,Heading: 129.86 degrees,Kobuki,1,/Sensors/Motor Current,Is robot stalled? Motors current is very high,Kobuki,Left,8,Right,8,0,/Sensors/Wall Sensor,All right,Kobuki,Left,NO,Center,NO,Right,NO,0,/Sensors/Wheel Drop,All right,Kobuki,Left,NO,Right,NO
1494450180086871111,56,1494450180142726893,,0,/Input Ports,OK,,mobile_base_nodelet_manager: Analog Input,[4079, 4080, 4060, 4077],mobile_base_nodelet_manager: Digital Input,[0, 0, 0, 0],0,/Input Ports/Analog Input,[4079, 4080, 4060, 4077],Kobuki,0,/Input Ports/Digital Input,[0, 0, 0, 0],Kobuki,0,/Kobuki,OK,,mobile_base_nodelet_manager: Motor State,Motors Enabled,mobile_base_nodelet_manager: Watchdog,Alive,0,/Kobuki/Motor State,Motors Enabled,Kobuki,State,1,0,/Kobuki/Watchdog,Alive,Kobuki,0,/Power System,OK,,mobile_base_nodelet_manager: Battery,Healthy,0,/Power System/Battery,Healthy,Kobuki,Voltage (V),15.5,Percent,71.2121,Charge (Ah),1.56667,Capacity (Ah),2.2,Source,None,Charging State,Not Charging,Current (A),0,1,/Sensors,Warning,,mobile_base_nodelet_manager: Cliff Sensor,All right,mobile_base_nodelet_manager: Gyro Sensor,Heading: 108.69 degrees,mobile_base_nodelet_manager: Motor Current,Is robot stalled? Motors current is very high,mobile_base_nodelet_manager: Wall Sensor,All right,mobile_base_nodelet_manager: Wheel Drop,All right,0,/Sensors/Cliff Sensor,All right,Kobuki,Left,Reading: 1581  Cliff: NO,Center,Reading: 1911  Cliff: NO,Right,Reading: 1624  Cliff: NO,0,/Sensors/Gyro Sensor,Heading: 108.69 degrees,Kobuki,1,/Sensors/Motor Current,Is robot stalled? Motors current is very high,Kobuki,Left,2,Right,62,0,/Sensors/Wall Sensor,All right,Kobuki,Left,NO,Center,NO,Right,NO,0,/Sensors/Wheel Drop,All right,Kobuki,Left,NO,Right,NO
1494450181086730164,57,1494450181142720552,,0,/Input Ports,OK,,mobile_base_nodelet_manager: Analog Input,[4071, 4077, 4069, 4063],mobile_base_nodelet_manager: Digital Input,[0, 0, 0, 0],0,/Input Ports/Analog Input,[4071, 4077, 4069, 4063],Kobuki,0,/Input Ports/Digital Input,[0, 0, 0, 0],Kobuki,0,/Kobuki,OK,,mobile_base_nodelet_manager: Motor State,Motors Enabled,mobile_base_nodelet_manager: Watchdog,Alive,0,/Kobuki/Motor State,Motors Enabled,Kobuki,State,1,0,/Kobuki/Watchdog,Alive,Kobuki,0,/Power System,OK,,mobile_base_nodelet_manager: Battery,Healthy,0,/Power System/Battery,Healthy,Kobuki,Voltage (V),15.4,Percent,68.3333,Charge (Ah),1.50333,Capacity (Ah),2.2,Source,None,Charging State,Not Charging,Current (A),0,1,/Sensors,Warning,,mobile_base_nodelet_manager: Cliff Sensor,All right,mobile_base_nodelet_manager: Gyro Sensor,Heading: 120.58 degrees,mobile_base_nodelet_manager: Motor Current,Is robot stalled? Motors current is very high,mobile_base_nodelet_manager: Wall Sensor,All right,mobile_base_nodelet_manager: Wheel Drop,All right,0,/Sensors/Cliff Sensor,All right,Kobuki,Left,Reading: 1336  Cliff: NO,Center,Reading: 2106  Cliff: NO,Right,Reading: 1952  Cliff: NO,0,/Sensors/Gyro Sensor,Heading: 120.58 degrees,Kobuki,1,/Sensors/Motor Current,Is robot stalled? Motors current is very high,Kobuki,Left,1,Right,24,0,/Sensors/Wall Sensor,All right,Kobuki,Left,NO,Center,NO,Right,NO,0,/Sensors/Wheel Drop,All right,Kobuki,Left,NO,Right,NO
1494450182086180538,58,1494450182142487342,,0,/Input Ports,OK,,mobile_base_nodelet_manager: Analog Input,[4072, 4078, 4063, 4063],mobile_base_nodelet_manager: Digital Input,[0, 0, 0, 0],0,/Input Ports/Analog Input,[4072, 4078, 4063, 4063],Kobuki,0,/Input Ports/Digital Input,[0, 0, 0, 0],Kobuki,0,/Kobuki,OK,,mobile_base_nodelet_manager: Motor State,Motors Enabled,mobile_base_nodelet_manager: Watchdog,Alive,0,/Kobuki/Motor State,Motors Enabled,Kobuki,State,1,0,/Kobuki/Watchdog,Alive,Kobuki,0,/Power System,OK,,mobile_base_nodelet_manager: Battery,Healthy,0,/Power System/Battery,Healthy,Kobuki,Voltage (V),15.4,Percent,68.3333,Charge (Ah),1.50333,Capacity (Ah),2.2,Source,None,Charging State,Not Charging,Current (A),0,1,/Sensors,Warning,,mobile_base_nodelet_manager: Cliff Sensor,All right,mobile_base_nodelet_manager: Gyro Sensor,Heading: 172.36 degrees,mobile_base_nodelet_manager: Motor Current,All right,mobile_base_nodelet_manager: Wall Sensor,All right,mobile_base_nodelet_manager: Wheel Drop,Wheel Drop!,0,/Sensors/Cliff Sensor,All right,Kobuki,Left,Reading: 1192  Cliff: NO,Center,Reading: 2200  Cliff: NO,Right,Reading: 2233  Cliff: NO,0,/Sensors/Gyro Sensor,Heading: 172.36 degrees,Kobuki,0,/Sensors/Motor Current,All right,Kobuki,Left,0,Right,5,0,/Sensors/Wall Sensor,All right,Kobuki,Left,NO,Center,NO,Right,NO,1,/Sensors/Wheel Drop,Wheel Drop!,Kobuki,Left,NO,Right,YES
1494450183087023358,59,1494450183142552092,,0,/Input Ports,OK,,mobile_base_nodelet_manager: Analog Input,[4073, 4074, 4076, 4082],mobile_base_nodelet_manager: Digital Input,[0, 0, 0, 0],0,/Input Ports/Analog Input,[4073, 4074, 4076, 4082],Kobuki,0,/Input Ports/Digital Input,[0, 0, 0, 0],Kobuki,0,/Kobuki,OK,,mobile_base_nodelet_manager: Motor State,Motors Enabled,mobile_base_nodelet_manager: Watchdog,Alive,0,/Kobuki/Motor State,Motors Enabled,Kobuki,State,1,0,/Kobuki/Watchdog,Alive,Kobuki,0,/Power System,OK,,mobile_base_nodelet_manager: Battery,Healthy,0,/Power System/Battery,Healthy,Kobuki,Voltage (V),15.5,Percent,71.2121,Charge (Ah),1.56667,Capacity (Ah),2.2,Source,None,Charging State,Not Charging,Current (A),0,0,/Sensors,OK,,mobile_base_nodelet_manager: Cliff Sensor,All right,mobile_base_nodelet_manager: Gyro Sensor,Heading: -165.11 degrees,mobile_base_nodelet_manager: Motor Current,All right,mobile_base_nodelet_manager: Wall Sensor,All right,mobile_base_nodelet_manager: Wheel Drop,All right,0,/Sensors/Cliff Sensor,All right,Kobuki,Left,Reading: 1240  Cliff: NO,Center,Reading: 2081  Cliff: NO,Right,Reading: 2041  Cliff: NO,0,/Sensors/Gyro Sensor,Heading: -165.11 degrees,Kobuki,0,/Sensors/Motor Current,All right,Kobuki,Left,0,Right,0,0,/Sensors/Wall Sensor,All right,Kobuki,Left,NO,Center,NO,Right,NO,0,/Sensors/Wheel Drop,All right,Kobuki,Left,NO,Right,NO
1494450184086591918,60,1494450184142655470,,0,/Input Ports,OK,,mobile_base_nodelet_manager: Analog Input,[4066, 4066, 4068, 4077],mobile_base_nodelet_manager: Digital Input,[0, 0, 0, 0],0,/Input Ports/Analog Input,[4066, 4066, 4068, 4077],Kobuki,0,/Input Ports/Digital Input,[0, 0, 0, 0],Kobuki,0,/Kobuki,OK,,mobile_base_nodelet_manager: Motor State,Motors Enabled,mobile_base_nodelet_manager: Watchdog,Alive,0,/Kobuki/Motor State,Motors Enabled,Kobuki,State,1,0,/Kobuki/Watchdog,Alive,Kobuki,0,/Power System,OK,,mobile_base_nodelet_manager: Battery,Healthy,0,/Power System/Battery,Healthy,Kobuki,Voltage (V),15.5,Percent,71.2121,Charge (Ah),1.56667,Capacity (Ah),2.2,Source,None,Charging State,Not Charging,Current (A),0,0,/Sensors,OK,,mobile_base_nodelet_manager: Cliff Sensor,All right,mobile_base_nodelet_manager: Gyro Sensor,Heading: -154.92 degrees,mobile_base_nodelet_manager: Motor Current,All right,mobile_base_nodelet_manager: Wall Sensor,All right,mobile_base_nodelet_manager: Wheel Drop,All right,0,/Sensors/Cliff Sensor,All right,Kobuki,Left,Reading: 1240  Cliff: NO,Center,Reading: 2104  Cliff: NO,Right,Reading: 2022  Cliff: NO,0,/Sensors/Gyro Sensor,Heading: -154.92 degrees,Kobuki,0,/Sensors/Motor Current,All right,Kobuki,Left,0,Right,0,0,/Sensors/Wall Sensor,All right,Kobuki,Left,NO,Center,NO,Right,NO,0,/Sensors/Wheel Drop,All right,Kobuki,Left,NO,Right,NO
1494450185089594846,61,1494450185144413545,,0,/Input Ports,OK,,mobile_base_nodelet_manager: Analog Input,[4077, 4069, 4063, 4072],mobile_base_nodelet_manager: Digital Input,[0, 0, 0, 0],0,/Input Ports/Analog Input,[4077, 4069, 4063, 4072],Kobuki,0,/Input Ports/Digital Input,[0, 0, 0, 0],Kobuki,0,/Kobuki,OK,,mobile_base_nodelet_manager: Motor State,Motors Enabled,mobile_base_nodelet_manager: Watchdog,Alive,0,/Kobuki/Motor State,Motors Enabled,Kobuki,State,1,0,/Kobuki/Watchdog,Alive,Kobuki,0,/Power System,OK,,mobile_base_nodelet_manager: Battery,Healthy,0,/Power System/Battery,Healthy,Kobuki,Voltage (V),15.5,Percent,71.2121,Charge (Ah),1.56667,Capacity (Ah),2.2,Source,None,Charging State,Not Charging,Current (A),0,1,/Sensors,Warning,,mobile_base_nodelet_manager: Cliff Sensor,All right,mobile_base_nodelet_manager: Gyro Sensor,Heading: -144.73 degrees,mobile_base_nodelet_manager: Motor Current,All right,mobile_base_nodelet_manager: Wall Sensor,All right,mobile_base_nodelet_manager: Wheel Drop,Wheel Drop!,0,/Sensors/Cliff Sensor,All right,Kobuki,Left,Reading: 1238  Cliff: NO,Center,Reading: 2151  Cliff: NO,Right,Reading: 2111  Cliff: NO,0,/Sensors/Gyro Sensor,Heading: -144.73 degrees,Kobuki,0,/Sensors/Motor Current,All right,Kobuki,Left,0,Right,3,0,/Sensors/Wall Sensor,All right,Kobuki,Left,NO,Center,NO,Right,NO,1,/Sensors/Wheel Drop,Wheel Drop!,Kobuki,Left,NO,Right,YES
1494450186088349235,62,1494450186143530772,,0,/Input Ports,OK,,mobile_base_nodelet_manager: Analog Input,[4072, 4077, 4060, 4068],mobile_base_nodelet_manager: Digital Input,[0, 0, 0, 0],0,/Input Ports/Analog Input,[4072, 4077, 4060, 4068],Kobuki,0,/Input Ports/Digital Input,[0, 0, 0, 0],Kobuki,0,/Kobuki,OK,,mobile_base_nodelet_manager: Motor State,Motors Enabled,mobile_base_nodelet_manager: Watchdog,Alive,0,/Kobuki/Motor State,Motors Enabled,Kobuki,State,1,0,/Kobuki/Watchdog,Alive,Kobuki,0,/Power System,OK,,mobile_base_nodelet_manager: Battery,Healthy,0,/Power System/Battery,Healthy,Kobuki,Voltage (V),15.6,Percent,74.0909,Charge (Ah),1.63,Capacity (Ah),2.2,Source,None,Charging State,Not Charging,Current (A),0,0,/Sensors,OK,,mobile_base_nodelet_manager: Cliff Sensor,All right,mobile_base_nodelet_manager: Gyro Sensor,Heading: -139.38 degrees,mobile_base_nodelet_manager: Motor Current,All right,mobile_base_nodelet_manager: Wall Sensor,All right,mobile_base_nodelet_manager: Wheel Drop,All right,0,/Sensors/Cliff Sensor,All right,Kobuki,Left,Reading: 1240  Cliff: NO,Center,Reading: 2131  Cliff: NO,Right,Reading: 2049  Cliff: NO,0,/Sensors/Gyro Sensor,Heading: -139.38 degrees,Kobuki,0,/Sensors/Motor Current,All right,Kobuki,Left,0,Right,0,0,/Sensors/Wall Sensor,All right,Kobuki,Left,NO,Center,NO,Right,NO,0,/Sensors/Wheel Drop,All right,Kobuki,Left,NO,Right,NO
